Workbook
Name B_Lth: #REF!
Name B_Lth: #REF!
Name B_Lth: #REF!
Name B_Lth: #REF!
Name Brg_Posn: [1]Calculations!#REF!
Name Brg_Posn: [1]Calculations!#REF!
Name Brg_Posn: [1]Calculations!#REF!
Name Brg_Posn: [1]Calculations!#REF!
Name cargodiameter: 'DOC 5'!$D$16
Name cargodiametermm: 'DOC 5'!$D$17
Name cargoflowsec: 'DOC 5'!$D$9
Name Chamfer: '[1]PS Data'!$A$28:$B$31
Name DB_m: '[2]Engine Selection'!$C$159
Name DHP_HP: [2]Holtrop!$D$103
Name DHP_HP: [2]Power!$D$103
Name DHP_HP: [2]Power!$D$103
Name DHP_HP: [2]Power!$D$103
Name DHP_HP: [2]Power!$D$103
Name Ds: #REF!
Name Ds: #REF!
Name EnginePower: '[2]Engine Selection'!$D$36
Name Grooves: '[1]PS Data'!$E$21:$H$26
Name Key_Data: '[1]PS Data'!$A$3:$F$13
Name Keyway_Data: '[1]PS Data'!$D$35:$F$45
Name LINEB: #REF!
Name P_LD: '[1]Rdr Data'!$D$3
Name R_Brg_Posn: '[1]Rudder Stock'!$B$5
Name R_Ratio_ID: '[1]Rdr Data'!$C$10
Name R_Ratio_Multiplier: '[1]Rdr Data'!$A$7:$C$9
Name R_RF_Section_Qty: '[1]Rudder Stock'!$B$36
Name R_Section_Qty: '[1]Rdr Data'!$B$16
Name R_Section_Qty_Table: '[1]Rdr Data'!$A$13:$B$15
Name Ratio_Multiplier: '[1]PS Data'!$A$22:$D$25
Name RDs: '[1]Rudder Stock'!$B$4
Name Section_Data: '[1]PS Data'!$L$3:$O$13
Name Section_Dias: '[1]PS Data'!$K$3:$K$13
Name Section_Qty_Table: '[1]PS Data'!$L$20:$M$23
Name Section_Ratios: '[1]PS Data'!$L$2:$O$2
Name Select_R_Ratio: '[1]Rudder Stock'!$B$9
Name Select_Ratio: '[1]PS Data'!$I$15
Name SHP_kW: '[2]Engine and Power'!$C$170
Name SHP_kW: '[2]Engine Selection'!$C$170
Name SHP_kW: '[2]Engine Selection'!$C$170
Name SHP_kW: '[2]Engine Selection'!$C$170
Name SHP_kW: '[2]Engine Selection'!$C$170
Name speed: 'DOC 5'!$F$12
Name Step_Qty: '[1]PS Data'!$M$24
Name Tolerance: '[1]PS Data'!$A$34:$B$45
Name UandL_LD: '[1]Rdr Data'!$B$3:$B$5
Name Washways: '[1]PS Data'!$E$17:$G$20

Sheet GULD
A1: Data Kapal
A2: Data berdasarkan desain 1
A4: Nama Kapal | B4: MINYAK
A5: Type of Ship | B5: OIL TANKER
A6: DWT | B6: 17500 | C6: ton
A7: Kecepatan (Vs) | B7: 13 | C7: knot
A8: Endurance | B8: 11 | C8: day
A10: Perhitungan
A12: B | B12: 23.535 | C12: m
A13: H | B13: 12.354 | C13: m
A14: T | B14: 9.0537 | C14: m
A15: LPP | B15: 139.85 | C15: m
A16: LWL | B16: 145.444 | C16: m
A17: LDISP | B17: =0.5*(B15+B16) -> 142.647 | C17: m
B18: =3.28084*B17 -> 468.00198 | C18: ft
A19: CB (δ) | B19: 0.7759
A20: CM (ẞ) | B20: 0.989
A21: CP (ϕ) | B21: 0.785
A22: SLR | B22: =B7/SQRT(B18) -> 0.60092394
A23: Vdisp (▽) | B23: =B19*B17*B12*B14 -> 23583.524 | C23: m3
A24: Wdisp (▲) | B24: =B23*1.025 -> 24173.112 | C24: ton
A25: LCB | B25: 0.0215
A27: Perhitungan Koefisien Gesek
A29: 1. Reynold Number
D30: viskositas (vk) = | E30: 8.93e-07
A32: Data V | B32: Knot | C32: m/s | D32: Rn
A33: Vs+1 | B33: =B7+1 -> 14 | C33: =B33*0.514 -> 7.196 | D33: =C33*$B$16/$E$30 -> 1.1720213e+09
A34: Vs | B34: =B7 -> 13 | C34: =B34*0.514 -> 6.682 | D34: =C34*$B$16/$E$30 -> 1.0883055e+09
A35: Vs-1 | B35: =$B$7-1 -> 12 | C35: =B35*0.514 -> 6.168 | D35: =C35*$B$16/$E$30 -> 1.0045897e+09
A36: Vs-2 | B36: =$B$7-2 -> 11 | C36: =B36*0.514 -> 5.654 | D36: =C36*$B$16/$E$30 -> 9.2087388e+08
A37: Vs-3 | B37: =$B$7-3 -> 10 | C37: =B37*0.514 -> 5.14 | D37: =C37*$B$16/$E$30 -> 8.3715807e+08
A38: Vs-4 | B38: =$B$7-4 -> 9 | C38: =B38*0.514 -> 4.626 | D38: =C38*$B$16/$E$30 -> 7.5344227e+08
A39: Vs-5 | B39: =$B$7-5 -> 8 | C39: =B39*0.514 -> 4.112 | D39: =C39*$B$16/$E$30 -> 6.6972646e+08
A41: 2. Koefisien Tahanan Gesek
E42: ITTC 1957
E43: Harvald, Tahanan dan Propulsi Kapal, hal 118
A46: =A32 -> Data V | B46: =B32 -> Knot | C46: =C32 -> m/s | D46: =D32 -> Rn | E46: Cf
A47: =A33 -> Vs+1 | B47: =B33 -> 14 | C47: =C33 -> 7.196 | D47: =D33 -> 1.1720213e+09 | E47: =0.075/((LOG(D47-2))^2) -> 0.00091190298
A48: =A34 -> Vs | B48: =B34 -> 13 | C48: =C34 -> 6.682 | D48: =D34 -> 1.0883055e+09 | E48: =0.075/((LOG(D48-2))^2) -> 0.0009184101
A49: =A35 -> Vs-1 | B49: =B35 -> 12 | C49: =C35 -> 6.168 | D49: =D35 -> 1.0045897e+09 | E49: =0.075/((LOG(D49-2))^2) -> 0.00092551686
A50: =A36 -> Vs-2 | B50: =B36 -> 11 | C50: =C36 -> 5.654 | D50: =D36 -> 9.2087388e+08 | E50: =0.075/((LOG(D50-2))^2) -> 0.00093333634
A51: =A37 -> Vs-3 | B51: =B37 -> 10 | C51: =C37 -> 5.14 | D51: =D37 -> 8.3715807e+08 | E51: =0.075/((LOG(D51-2))^2) -> 0.00094201587
A52: =A38 -> Vs-4 | B52: =B38 -> 9 | C52: =C38 -> 4.626 | D52: =D38 -> 7.5344227e+08 | E52: =0.075/((LOG(D52-2))^2) -> 0.0009517523
A53: =A39 -> Vs-5 | B53: =B39 -> 8 | C53: =C39 -> 4.112 | D53: =D39 -> 6.6972646e+08 | E53: =0.075/((LOG(D53-2))^2) -> 0.00096281647
A55: Perhitungan Koefisien Sisa
A57: 1. Froude Number
A62: =A32 -> Data V | B62: =B32 -> Knot | C62: =C32 -> m/s | D62: Fn
A63: =A33 -> Vs+1 | B63: =B33 -> 14 | C63: =C33 -> 7.196 | D63: =C63/SQRT(9.8*$B$16) -> 0.19060321
A64: =A34 -> Vs | B64: =B34 -> 13 | C64: =C34 -> 6.682 | D64: =C64/SQRT(9.8*$B$16) -> 0.1769887
A65: =A35 -> Vs-1 | B65: =B35 -> 12 | C65: =C35 -> 6.168 | D65: =C65/SQRT(9.8*$B$16) -> 0.16337418
A66: =A36 -> Vs-2 | B66: =B36 -> 11 | C66: =C36 -> 5.654 | D66: =C66/SQRT(9.8*$B$16) -> 0.14975967
A67: =A37 -> Vs-3 | B67: =B37 -> 10 | C67: =C37 -> 5.14 | D67: =C67/SQRT(9.8*$B$16) -> 0.13614515
A68: =A38 -> Vs-4 | B68: =B38 -> 9 | C68: =C38 -> 4.626 | D68: =C68/SQRT(9.8*$B$16) -> 0.12253064
A69: =A39 -> Vs-5 | B69: =B39 -> 8 | C69: =C39 -> 4.112 | D69: =C69/SQRT(9.8*$B$16) -> 0.10891612
A71: 2. Calculate L / ▽1/3
C73: 4.5
B74: = | C74: =$B$17/(B23^(1/3)) -> 4.9742363
C75: 5
A77: 3. Menentukan Cr dari Grafik L / ▽1/3
A79: =A62 -> Data V | B79: =B62 -> Knot | C79: =C62 -> m/s | D79: =D62 -> Fn | E79: grafik 4.5 (10^3) | F79: grafik 5.0 (10^3) | G79: Cr1 10^3 | H79: Cr1
A80: =A63 -> Vs+1 | B80: =B63 -> 14 | C80: =C63 -> 7.196 | D80: =D63 -> 0.19060321 | E80: 1.359 | F80: 1.179 | G80: =(($C$74-$C$73)*(F80-E80)/($C$75-$C$73))+E80 -> 1.1882749 | H80: =G80/1000 -> 0.0011882749
A81: =A64 -> Vs | B81: =B64 -> 13 | C81: =C64 -> 6.682 | D81: =D64 -> 0.1769887 | E81: 1.143 | F81: 0.949 | G81: =(($C$74-$C$73)*(F81-E81)/($C$75-$C$73))+E81 -> 0.95899633 | H81: =G81/1000 -> 0.00095899633
A82: =A65 -> Vs-1 | B82: =B65 -> 12 | C82: =C65 -> 6.168 | D82: =D65 -> 0.16337418 | E82: 0.983 | F82: 0.795 | G82: =(($C$74-$C$73)*(F82-E82)/($C$75-$C$73))+E82 -> 0.80468716 | H82: =G82/1000 -> 0.00080468716
A83: =A66 -> Vs-2 | B83: =B66 -> 11 | C83: =C66 -> 5.654 | D83: =D66 -> 0.14975967 | E83: 0.868 | F83: 0.718 | G83: =(($C$74-$C$73)*(F83-E83)/($C$75-$C$73))+E83 -> 0.72572912 | H83: =G83/1000 -> 0.00072572912
A84: =A67 -> Vs-3 | B84: =B67 -> 10 | C84: =C67 -> 5.14 | D84: =D67 -> 0.13614515 | E84: 0.836 | F84: 0.597 | G84: =(($C$74-$C$73)*(F84-E84)/($C$75-$C$73))+E84 -> 0.60931506 | H84: =G84/1000 -> 0.00060931506
A85: =A68 -> Vs-4 | B85: =B68 -> 9 | C85: =C68 -> 4.626 | D85: =D68 -> 0.12253064 | E85: 0.802 | F85: 0.544 | G85: =(($C$74-$C$73)*(F85-E85)/($C$75-$C$73))+E85 -> 0.55729408 | H85: =G85/1000 -> 0.00055729408
A87: 4. Koreksi Cr B/T
A89: B/T = | B89: =B12/B14 -> 2.5994897
A91: Cr2 =
A92: = | B92: =0.16*(B89-2.5) -> 0.015918354
A94: 5. Koreksi LCB
A96: LCB = | B96: 2.15 | C96: %
A97: LCB/Lpp = | B97: =ABS(B96/B15) -> 0.015373615
A99: =A79 -> Data V | B99: =B79 -> Knot | C99: =C79 -> m/s | D99: =D79 -> Fn | E99: LCB Standar | F99: ∆LCB
A100: =A80 -> Vs+1 | B100: =B80 -> 14 | C100: =C80 -> 7.196 | D100: =D80 -> 0.19060321 | E100: 0.01 | F100: =ABS($B$97-E100) -> 0.0053736146
A101: =A81 -> Vs | B101: =B81 -> 13 | C101: =C81 -> 6.682 | D101: =D81 -> 0.1769887 | E101: 0.0159 | F101: =ABS($B$97-E101) -> 0.00052638541
A102: =A82 -> Vs-1 | B102: =B82 -> 12 | C102: =C82 -> 6.168 | D102: =D82 -> 0.16337418 | E102: 0.02215 | F102: =ABS($B$97-E102) -> 0.0067763854
A103: =A83 -> Vs-2 | B103: =B83 -> 11 | C103: =C83 -> 5.654 | D103: =D83 -> 0.14975967 | E103: 0.028 | F103: =ABS($B$97-E103) -> 0.012626385
A104: =A84 -> Vs-3 | B104: =B84 -> 10 | C104: =C84 -> 5.14 | D104: =D84 -> 0.13614515 | E104: 0.0352 | F104: =ABS($B$97-E104) -> 0.019826385
A105: =A85 -> Vs-4 | B105: =B85 -> 9 | C105: =C85 -> 4.626 | D105: =D85 -> 0.12253064 | E105: 0.0374 | F105: =ABS($B$97-E105) -> 0.022026385
A107: Mencari Nilai Koef | D107: dari grafik
B110: 0.75
A111: Cp = | B111: 0.785
B112: 0.8
A114: =A99 -> Data V | B114: =B99 -> Knot | C114: =C99 -> m/s | D114: =D99 -> Fn | E114: 0.75 | G114: 0.8
A115: =A100 -> Vs+1 | B115: =B100 -> 14 | C115: =C100 -> 7.196 | D115: =D100 -> 0.19060321 | E115: 0.062 | F115: =(($B$111-$B$110)*(G115-E115)/($B$112-$B$110))+E115 -> 0.1586 | G115: 0.2
A116: =A101 -> Vs | B116: =B101 -> 13 | C116: =C101 -> 6.682 | D116: =D101 -> 0.1769887 | E116: 0 | F116: =(($B$111-$B$110)*(G116-E116)/($B$112-$B$110))+E116 -> 0.0798 | G116: 0.114
A117: =A102 -> Vs-1 | B117: =B102 -> 12 | C117: =C102 -> 6.168 | D117: =D102 -> 0.16337418 | E117: 0 | F117: =(($B$111-$B$110)*(G117-E117)/($B$112-$B$110))+E117 -> 0.0238 | G117: 0.034
A118: =A103 -> Vs-2 | B118: =B103 -> 11 | C118: =C103 -> 5.654 | D118: =D103 -> 0.14975967 | E118: 0 | F118: =(($B$111-$B$110)*(G118-E118)/($B$112-$B$110))+E118 -> 0 | G118: 0
A119: =A104 -> Vs-3 | B119: =B104 -> 10 | C119: =C104 -> 5.14 | D119: =D104 -> 0.13614515 | E119: 0 | F119: =(($B$111-$B$110)*(G119-E119)/($B$112-$B$110))+E119 -> 0 | G119: 0
A120: =A105 -> Vs-4 | B120: =B105 -> 9 | C120: =C105 -> 4.626 | D120: =D105 -> 0.12253064 | E120: 0 | F120: =(($B$111-$B$110)*(G120-E120)/($B$112-$B$110))+E120 -> 0 | G120: 0
A122: Nilai Cr3
A123: =A114 -> Data V | B123: =B114 -> Knot | C123: =C114 -> m/s | D123: =D114 -> Fn | F123: ∆LCB | G123: Cr3
A124: =A115 -> Vs+1 | B124: =B115 -> 14 | C124: =C115 -> 7.196 | D124: =D115 -> 0.19060321 | E124: =F115 -> 0.1586 | F124: =F100 -> 0.0053736146 | G124: =E124*ABS(F124) -> 0.00085225527
A125: =A116 -> Vs | B125: =B116 -> 13 | C125: =C116 -> 6.682 | D125: =D116 -> 0.1769887 | E125: =F116 -> 0.0798 | F125: =F101 -> 0.00052638541 | G125: =E125*ABS(F125) -> 4.2005556e-05
A126: =A117 -> Vs-1 | B126: =B117 -> 12 | C126: =C117 -> 6.168 | D126: =D117 -> 0.16337418 | E126: =F117 -> 0.0238 | F126: =F102 -> 0.0067763854 | G126: =E126*ABS(F126) -> 0.00016127797
A127: =A118 -> Vs-2 | B127: =B118 -> 11 | C127: =C118 -> 5.654 | D127: =D118 -> 0.14975967 | E127: =F118 -> 0 | F127: =F103 -> 0.012626385 | G127: =E127*ABS(F127) -> 0
A128: =A119 -> Vs-3 | B128: =B119 -> 10 | C128: =C119 -> 5.14 | D128: =D119 -> 0.13614515 | E128: =F119 -> 0 | F128: =F104 -> 0.019826385 | G128: =E128*ABS(F128) -> 0
A129: =A120 -> Vs-4 | B129: =B120 -> 9 | C129: =C120 -> 4.626 | D129: =D120 -> 0.12253064 | E129: =F120 -> 0 | F129: =F105 -> 0.022026385 | G129: =E129*ABS(F129) -> 0
A131: Nilai Cr
...

Sheet MAXSURF
A1: MAXSURF RT
A3: V (Knot) | B3: Fn Lwl | C3: Fn Vol | D3: RT (kN) | E3: RT Margin (kN)
A4: 8 | B4: 0.109 | C4: 0.246 | D4: 106.3 | E4: =120%*D4 -> 127.56
A5: 8.15 | B5: 0.111 | C5: 0.251 | D5: 110.1 | E5: =120%*D5 -> 132.12
A6: 8.3 | B6: 0.113 | C6: 0.255 | D6: 114 | E6: =120%*D6 -> 136.8
A7: 8.45 | B7: 0.115 | C7: 0.26 | D7: 118 | E7: =120%*D7 -> 141.6
A8: 8.6 | B8: 0.118 | C8: 0.264 | D8: 122.1 | E8: =120%*D8 -> 146.52
A9: 8.75 | B9: 0.12 | C9: 0.269 | D9: 126.2 | E9: =120%*D9 -> 151.44
A10: 8.9 | B10: 0.122 | C10: 0.274 | D10: 130.4 | E10: =120%*D10 -> 156.48
A11: 9.05 | B11: 0.124 | C11: 0.278 | D11: 134.8 | E11: =120%*D11 -> 161.76
A12: 9.2 | B12: 0.126 | C12: 0.283 | D12: 139.1 | E12: =120%*D12 -> 166.92
A13: 9.35 | B13: 0.128 | C13: 0.287 | D13: 143.6 | E13: =120%*D13 -> 172.32
A14: 9.5 | B14: 0.13 | C14: 0.292 | D14: 148.2 | E14: =120%*D14 -> 177.84
A15: 9.65 | B15: 0.132 | C15: 0.297 | D15: 152.9 | E15: =120%*D15 -> 183.48
... A45: 14 | B45: 0.191 | C45: 0.43 | D45: 364.4 | E45: =120%*D45 -> 437.28

Sheet BHP
A1: Propulsion power required prediction
C2: HOLTROP | L2: MAXSURF
A4: 1. Effective Horse Power | J4: 1. Effective Horse Power | Y4: 1 km = | Z4: 1.852 | AA4: Nautical Mile
A5: The power that would have to use to tow the ship without propulsive system | J5: The power we would have to use to tow the ship without propulsive system | Y5: 1 m = | Z5: 3.28084 | AA5: feet
A6: Rt Vs = | B6: =HOLTROP!E292 -> 549.60659 | C6: KN | D6: HOLTROP | J6: Rt Vs = | K6: =MAXSURF!E38 -> 356.28 | L6: KN | M6: MAXSURF | Y6: 1 Knots = | Z6: 0.514 | AA6: m/s
A7: Vs = | B7: =13 -> 13 | C7: knot | J7: Vs = | K7: 13 | L7: knot | Y7: 1 HP = | Z7: 0.7355 | AA7: kW
B8: =B7*(1852/3600) -> 6.6877778 | C8: m/s | K8: =K7*(1852/3600) -> 6.6877778 | L8: m/s | Y8: 1 kW = | Z8: 1.34048 | AA8: HP
Y9: 1 m3 = | Z9: 1000 | AA9: Liters | AC9: 264172 | AD9: US Gallons
B10: EHP = | C10: Rt Vs x Vs | K10: EHP = | L10: Rt Vs x Vs
B11: EHP = | C11: =B6*B8 -> 3675.6468 | D11: KW | K11: EHP = | L11: =$K$6*$K$8 -> 2382.7215 | M11: KW
B12: EHP = | C12: =C11*Z8 -> 4927.131 | D12: HP | K12: EHP = | L12: =$Z$8*$L$11 -> 3193.9905 | M12: HP
A14: 2. Delivery Horse Power | J14: 2. Delivery Horse Power
A15: Power that is absorbed by Propeller from shafting system or the power that is delivered from shafting system to the propeller to be changed into Thrust power. | J15: Power that is absorbed by Propeller from shafting system or the power that is delivered from shafting system to the propeller to be changed into Thrust power.
B18: DHP = | C18: EHP/Pc | F18: Where, Pc is propulsive coefficient | K18: DHP = | L18: EHP/Pc | O18: Where, Pc is propulsive coefficient
F19: Pc = ηH x ηrr x ηo | O19: Pc = ηH x ηrr x ηo
A20: a. hull efficiency ( ηH ) | J20: a. hull efficiency ( ηH )
B21: ηH = | C21: (1-t)/(1-w) | E21: t = | F21: thrust deduction fraction | K21: ηH = | L21: (1-t)/(1-w) | N21: t = | O21: thrust deduction fraction
E22: w = | F22: wake fraction | N22: w = | O22: wake fraction
A23: (1). | B23: Calculating Wake Friction (w) | J23: (1). | K23: Calculating Wake Friction (w)
B24: Wake friction atau arus ikut merupakan perbandingan antara kecepatan kapal dengan kecepatan air yang menuju ke propeller. The value of wake fraction is based on the Taylor Experiment, these are the result: | K24: Wake friction atau arus ikut merupakan perbandingan antara kecepatan kapal dengan kecepatan air yang menuju ke propeller. The value of wake fraction is based on the Taylor Experiment, these are the result:
E27: So, in order to find the value of w of a ship with Cb used, we must interpolate it: | N27: So, in order to find the value of w of a ship with Cb used, we must interpolate it:
F29: Cb | G29: w | O29: Cb | P29: w
F30: 0.75 | G30: 0.314 | O30: =F30 -> 0.75 | P30: =G30 -> 0.314
F31: 0.7759 | G31: x | O31: =F31 -> 0.7759 | P31: =G31 -> x
F32: 0.8 | G32: 0.354 | O32: =F32 -> 0.8 | P32: =G32 -> 0.354
F33: 0.7759 - 0.75 | G33: = | H33: w - 0.314 | O33: =F33 -> 0.7759 - 0.75 | P33: =G33 -> = | Q33: =H33 -> w - 0.314
F34: 0.8-0,75 | H34: 0.354-0,314 | O34: =F34 -> 0.8-0,75 | Q34: =H34 -> 0.354-0,314
F35: =F31-F30 -> 0.0259 | G35: = | H35: w - 0.314 | O35: =F35 -> 0.0259 | P35: =G35 -> = | Q35: =H35 -> w - 0.314
F36: =F32-F30 -> 0.05 | G36: = | H36: =G32-G30 -> 0.04 | O36: =F36 -> 0.05 | P36: =G36 -> = | Q36: =H36 -> 0.04
B37: (Principal of Naval Architecture Vol. 2, Pg.158 ) | G37: Cb = | H37: 0.7759 | K37: (Principal of Naval Architecture Vol. 2, Pg.158 ) | P37: =G37 -> Cb = | Q37: =H37 -> 0.7759
G38: w = | H38: =G30+((H36*F35)/F36) -> 0.33472 | P38: =G38 -> w = | Q38: =H38 -> 0.33472
A40: (2). | B40: Calclating Thrust Deduction Factor (t) | J40: (2). | K40: Calclating Thrust Deduction Factor (t)
B41: Nilai t dapat dicari dari nilai w yang telah diketahui yaitu : | K41: Nilai t dapat dicari dari nilai w yang telah diketahui yaitu :
E42: for a ship with single rudder plate | N42: for a ship with single rudder plate
B43: t = | C43: k.w | E43: Value k among 0.7 ~ 0.9 and taken k = | I43: 0.7 | K43: t = | L43: k.w | N43: Value k between 0.7 ~ 0.9 and taken | Q43: k = | R43: 0.7
B44: = | C44: =I43*H38 -> 0.234304 | E44: (Principal of Naval Architecture Vol. 2, Pg.159 ) | K44: = | L44: =R43*Q38 -> 0.234304 | N44: (Principal of Naval Architecture Vol. 2, Pg.158 )
B46: ηH = | C46: (1-t)/(1-w) | K46: ηH = | L46: (1-t)/(1-w)
B47: = | C47: =(1-C44)/(1-H38) -> 1.150938 | K47: = | L47: =(1-L44)/(1-Q38) -> 1.150938
A49: b. Efisiensi Relatif Rotatif (ηrr) | J49: b. Efisiensi Relatif Rotatif (ηrr)
A50: Harga ηrr untuk kapal dengan propeller tipe single screw berkisar 1.0-1.1. (Principal of Naval Architecture Vol. 2, Pg. 152 ) pada perencanaan propeller dan tabung poros propeller ini diambil harga : | J50: Harga ηrr untuk kapal dengan propeller tipe single screw berkisar 1.0-1.1. (Principal of Naval Architecture Vol. 2, Pg. 152 ) pada perencanaan propeller dan tabung poros propeller ini diambil harga :
A52: ηrr = | B52: 1.05 | J52: ηrr = | K52: 1.05
A55: c. Efisiensi Propulsi (ηo) | J55: c. Efisiensi Propulsi (ηo)
A56: Adalah open water efficiency yaitu efficiency dari propeller pada saat dilakukan open water test. Nilainya antara 40-70%, dan diambil : | J56: Adalah open water efficiency yaitu efficiency dari propeller pada saat dilakukan open water test. Nilainya antara 40-70%, dan diambil :
A58: ηo= | B58: 0.55 | J58: ηo= | K58: 0.5
A60: d. Coeffisien Propulsif (Pc) | J60: d. Coeffisien Propulsif (Pc)
A61: Pc = | B61: ηH x ηrr x ηo | J61: Pc = | K61: ηH x ηrr x ηo
A62: = | B62: =C47*B52*B58 -> 0.66466667 | J62: = | K62: =L47*K52*K58 -> 0.60424242
A64: e. Delivery Horse Power | J64: e. Delivery Horse Power
A65: Maka daya pada tabung poros baling-baling dihitung dari perbandingan antara daya efektif dengan koefisien propulsif yaitu : | J65: Maka daya pada tabung poros baling-baling dihitung dari perbandingan antara daya efektif dengan koefisien propulsif yaitu :
A67: DHP = | B67: EHP/Pc | J67: DHP = | K67: EHP/Pc
A68: = | B68: =C11/B62 -> 5530.0603 | C68: KW | J68: = | K68: =L11/K62 -> 3943.3204 | L68: KW
A69: = | B69: =B68*Z8 -> 7412.9353 | C69: HP | J69: = | K69: =K68*Z8 -> 5285.9421 | L69: HP
A71: 3. Shaft Horse Power | J71: 3. Shaft Horse Power
A72: Shaft horse power is the power that is absorbed by shaft from main engine aft of the gearing and thrust block and delivered to propeller. and have relation to the Delivery Horse Power as: | J72: Shaft horse power is the power that is absorbed by shaft from main engine aft of the gearing and thrust block and delivered to propeller. and have relation to the Delivery Horse Power as:
A74: SHP = | B74: DHP/ηsηb | C74: where | D74: ηs = | E74: shaft efficiency | J74: SHP = | K74: DHP/ηsηb | L74: where | M74: ηs = | N74: shaft efficiency
D75: ηb = | E75: bearing efficiency | M75: ηb = | N75: bearing efficiency
A76: For the ship that have engine room located in aft, the shaft transmission losses will be 2%. Then, For the ship that have engine room located in amidship , the shaft transmission losses will be 3%.(“Principal of Naval Architecture Vol. 2, Pg.131”). In this design, the ship engine room located in the aft of the ship. so, the shaft transmission losses is 2% | J76: For the ship that have engine room located in aft, the shaft transmission losses will be 2%. Then, For the ship that have engine room located in amidship , the shaft transmission losses will be 3%.(“Principal of Naval Architecture Vol. 2, Pg.131”). In this design, the ship engine room located in the aft of the ship. so, the shaft transmission losses is 2%
A81: so, the shaft efficiency is, | C81: 0.98 | D81: and the bearing is still not applied for now. | J81: so, the shaft efficiency is, | L81: 0.98 | M81: and the bearing is still not applied for now.
A82: SHP = | B82: =B68/C81 -> 5642.9187 | C82: kW | J82: SHP = | K82: =K68/L81 -> 4023.7963 | L82: kW
A83: = | B83: =B69/C81 -> 7564.2197 | C83: HP | J83: = | K83: =K69/L81 -> 5393.8185 | L83: HP
A85: 3. calculating the required main Brake Horse Power | J85: 3. calculating the required main Brake Horse Power
A86: a.BHP scr | J86: a.BHP scr
A87: Brake Horse Power at Service cruise is the power that engine generate in service condition, and delivered to gearbox system (if used) and then deliverd to propulsion by transmission or shafting system. | J87: Brake Horse Power at Service cruise is the power that engine generate in service condition, and delivered to gearbox system (if used) and then deliverd to propulsion by transmission or shafting system.
A90: BHPscr = | B90: SHP / Gearbox efficiency | J90: BHPscr = | K90: SHP / Gearbox efficiency
A91: This project is using gearbox predicted with loss 2%, so, ηG = 0,98 | J91: This project is using gearbox predicted with loss 2%, so, ηG = 0,98
A93: BHPscr = | B93: =B82/0.98 -> 5758.0803 | C93: kW | J93: BHPscr = | K93: =K82/0.98 -> 4105.9146 | L93: kW
A94: = | B94: =B83/0.98 -> 7718.5915 | C94: HP | J94: = | K94: =K83/1 -> 5393.8185 | L94: HP
A96: b. BHP mcr TARGET | J96: b. BHP mcr
A97: Brake Horse Power at maximum continous rating is theMaximum power that engine can generate. the value is BHP Service plus engine margin that is 15%-20% of Service BHP. If the BHP scr has been included Sea margin, engine margin is used depend on the total margin target and depen on the engine that is choosen . | J97: Brake Horse Power at maximum continous rating is theMaximum power that engine can generate. the value is BHP Service plus engine margin that is 15%-20% of Service BHP. If the BHP scr has been included Sea margin, engine margin is used depend on the total margin target and depen on the engine that is choosen .
C100: Engine margin commonly used | L100: Engine margin commonly used
B101: %BHPscr | C101: 1 | K101: %BHPscr | L101: 1
A102: BHP mcr = | B102: BHP scr / engine margin | J102: BHP mcr = | K102: BHP scr / engine margin
A103: = | B103: =$B$93/$C$101 -> 5758.0803 | C103: KW | J103: = | K103: =$K$93/$L$101 -> 4105.9146 | L103: KW
A104: = | B104: =$B$94/$C$101 -> 7718.5915 | C104: HP | J104: = | K104: =$K$94/$L$101 -> 5393.8185 | L104: HP
B108: rps | C108: 2.1
A109: BHP mcr Maxsurf > BHP mcr Holtrop
A111: Main Engine & Gear Box
R113: Gear box
B114: General | R114: Type | T114: ZF W83100 NR - C Duty
B115: Maker | C115: MAN BW | R115: Reducing Ratio | T115: 4.818
B116: Type | C116: L32/44CR | R116: Max power/rpm | T116: 7.6586 | V116: kW/rpm
B117: Stroke | C117: 4 | R117: Weight | T117: 16600 | V117: kg
B118: NO. Cylinder | C118: 7 | R118: Max RPM | T118: 750 | V118: rpm
B119: Length of Stroke | C119: 440 | D119: mm | R119: Output RPM | T119: =750/T115 -> 155.66625 | V119: rpm
B120: Bore | C120: 320 | D120: mm
B121: Power | C121: 3920 | D121: kW
B122: RPM | C122: 720 | D122: r/min
B123: MEP | C123: 28.3 | D123: bar
B124: SFOC | C124: 177.5 | D124: g/kWh
B125: Weight | C125: 44.5 | D125: Ton | AF125: BHP | AG125: 4240 | AH125: kW
B126: Dimensi | AF126: SHP | AG126: =AG125*0.98 -> 4155.2 | AH126: kW
B127: Length | C127: 6.924 | D127: m | AF127: DHP | AG127: =AG126*0.98 -> 4072.096 | AH127: kW
B128: Width | C128: 2.359 | D128: m | AF128: EHP | AG128: =$C$11 -> 3675.6468 | AH128: kW
B129: Height | C129: 4.369 | D129: m | S129: ∛(BHPscr x (RPMmesin^3)/DAYAmesin) | AF129: PC | AG129: =AG128/AG127 -> 0.90264246
AF130: no | AG130: =AG129/($C$47*$B$52) -> 0.74692079
Q131: =(K93*(C122^3)/C121)^(1/3) -> 731.20718
B132: BHP | C132: 3920 | D132: kW
B133: SHP | C133: =C132*0.98 -> 3841.6 | D133: kW
B134: DHP | C134: =C133*0.98 -> 3764.768 | D134: kW
B135: EHP | C135: =$C$11 -> 3675.6468 | D135: kW
...

Sheet EPM 
A1: PROPELLER TERPILIH | K1: DATA KAPAL
C2: Tipe | D2: Db (m) | E2: P/Db | F2: ηb | G2: nprop (RPS) | K2: Tipe Kapal | M2: OIL TANKER | P2: Type | Q2: Db(m) | R2: P/Db | S2: ηb
C3: B4-70 | D3: 4.0729253 | E3: 0.74546298 | F3: 0.55160086 | G3: 2.5944375 | H3: =E3*D3 -> 3.036215 | K3: Panjang (Lpp) | M3: 139.85 | N3: meter | P3: B4-70 | Q3: 4.0729253 | R3: 0.74546298 | S3: 0.55160086
K4: Lebar (B) | M4: 23.535 | N4: meter | P4: B5-75 | Q4: 3.9553771 | R4: 0.77444556 | S4: 0.55218322
A5: Perhitungan Beta (β) | K5: Sarat air (T) | M5: 9.05 | N5: meter | P5: B3-65 | Q5: 4.2157371 | R5: 0.72212029 | S5: 0.54383348
C6: β | D6: (0,5*Ct*S) / {(1-t)*(1-w)2 D2} | K6: Kec. Dinas (Vs) | M6: 13 | N6: knot | P6: B4-85 | Q6: 3.9441916 | R6: 0.79245648 | S6: 0.53868371
K7: t = | M7: =0.7*M8 -> 0.236565 | P7: B4-100 | Q7: 3.7932537 | R7: 0.85 | S7: 0.52373315
A8: Vs (knot) | B8: Vs (m/s) | C8: Rt trial (kN) | D8: R t sm (kN) | E8: Ct trial | F8: Ctsm | G8: βtrial | H8: βservice | K8: w = | M8: 0.33795 | P8: B5-90 | Q8: 3.8814689 | R8: 0.80600591 | S8: 0.54134946
A9: 14 | B9: =A9*0.51444 -> 7.20216 | C9: 364.4 | D9: =120%*C9 -> 437.28 | E9: =(2*C9)/(1.025*$M$9*B9^2) -> 0.002808201 | F9: =(2*D9)/(1.025*$M$9*B9^2) -> 0.0033698412 | G9: =(0.5*E9*$M$9)/((1-$M$7)*((1-$M$8)^2)*$D$3^2) -> 1.2347028 | H9: =(0.5*F9*$M$9)/((1-$M$7)*((1-$M$8)^2)*$D$3^2) -> 1.4816434 | K9: S = | M9: 4881.247 | N9: m2 | P9: B5-105 | Q9: 3.8071701 | R9: 0.85 | S9: 0.52430571
A10: 13 | B10: =A10*0.51444 -> 6.68772 | C10: 296.9 | D10: =120%*C10 -> 356.28 | E10: =(2*C10)/(1.025*$M$9*B10^2) -> 0.0026535629 | F10: =(2*D10)/(1.025*$M$9*B10^2) -> 0.0031842754 | G10: =(0.5*E10*$M$9)/((1-$M$7)*(1-$M$8)^2*$D$3^2) -> 1.1667119 | H10: =(0.5*F10*$M$9)/((1-$M$7)*((1-$M$8)^2)*$D$3^2) -> 1.4000543 | P10: B6-80 | Q10: 3.8393675 | R10: 0.81262301 | S10: 0.54507494
A11: 12 | B11: =A11*0.51444 -> 6.17328 | C11: 245.8 | D11: =120%*C11 -> 294.96 | E11: =(2*C11)/(1.025*$M$9*B11^2) -> 0.0025782515 | F11: =(2*D11)/(1.025*$M$9*B11^2) -> 0.0030939018 | G11: =(0.5*E11*$M$9)/((1-$M$7)*(1-$M$8)^2*$D$3^2) -> 1.1335992 | H11: =(0.5*F11*$M$9)/((1-$M$7)*((1-$M$8)^2)*$D$3^2) -> 1.360319 | P11: B6-95 | Q11: 3.7932537 | R11: 0.83140516 | S11: 0.53472502
A12: 11 | B12: =A12*0.51444 -> 5.65884 | C12: 200.2 | D12: =120%*C12 -> 240.24 | E12: =(2*C12)/(1.025*$M$9*B12^2) -> 0.0024991055 | F12: =(2*D12)/(1.025*$M$9*B12^2) -> 0.0029989266 | G12: =(0.5*E12*$M$9)/((1-$M$7)*(1-$M$8)^2*$D$3^2) -> 1.0988005 | H12: =(0.5*F12*$M$9)/((1-$M$7)*((1-$M$8)^2)*$D$3^2) -> 1.3185606
A13: 10 | B13: =A13*0.51444 -> 5.1444 | C13: 167.5 | D13: =120%*C13 -> 201 | E13: =(2*C13)/(1.025*$M$9*B13^2) -> 0.002530001 | F13: =(2*D13)/(1.025*$M$9*B13^2) -> 0.0030360012 | G13: =(0.5*E13*$M$9)/((1-$M$7)*(1-$M$8)^2*$D$3^2) -> 1.1123846 | H13: =(0.5*F13*$M$9)/((1-$M$7)*((1-$M$8)^2)*$D$3^2) -> 1.3348615
A14: 9 | B14: =A14*0.51444 -> 4.62996 | C14: 134.8 | D14: =120%*C14 -> 161.76 | E14: =(2*C14)/(1.025*$M$9*B14^2) -> 0.0025136845 | F14: =(2*D14)/(1.025*$M$9*B14^2) -> 0.0030164214 | G14: =(0.5*E14*$M$9)/((1-$M$7)*(1-$M$8)^2*$D$3^2) -> 1.1052105 | H14: =(0.5*F14*$M$9)/((1-$M$7)*((1-$M$8)^2)*$D$3^2) -> 1.3262526
A16: Menghitung KT (Koefisien Thrust) Trial
A17: J = | B17: Va/n*Db | C17: = | D17: ='[3]Propeller '!E19/(G3*D3) -> 0.45124006 | F17: KT = | G17: β x J2 | H17: = | I17: =G10*(D17^2) -> 0.23756307
B19: Trial
B20: J | C20: KT pada Vs
C21: 14 | D21: 13 | E21: 12 | F21: 11 | G21: 10 | H21: 9
B22: 0 | C22: =$G$9*(B22^2) -> 0 | D22: =$G$10*(B22^2) -> 0 | E22: =$G$11*(B22^2) -> 0 | F22: =$G$12*(B22^2) -> 0 | G22: =$G$13*(B22^2) -> 0 | H22: =$G$14*(B22^2) -> 0
B23: 0.1 | C23: =$G$9*(B23^2) -> 0.012347028 | D23: =$G$10*(B23^2) -> 0.011667119 | E23: =$G$11*(B23^2) -> 0.011335992 | F23: =$G$12*(B23^2) -> 0.010988005 | G23: =$G$13*(B23^2) -> 0.011123846 | H23: =$G$14*(B23^2) -> 0.011052105
B24: 0.2 | C24: =$G$9*(B24^2) -> 0.049388113 | D24: =$G$10*(B24^2) -> 0.046668477 | E24: =$G$11*(B24^2) -> 0.045343968 | F24: =$G$12*(B24^2) -> 0.04395202 | G24: =$G$13*(B24^2) -> 0.044495383 | H24: =$G$14*(B24^2) -> 0.044208421
B25: 0.3 | C25: =$G$9*(B25^2) -> 0.11112325 | D25: =$G$10*(B25^2) -> 0.10500407 | E25: =$G$11*(B25^2) -> 0.10202393 | F25: =$G$12*(B25^2) -> 0.098892044 | G25: =$G$13*(B25^2) -> 0.10011461 | H25: =$G$14*(B25^2) -> 0.099468948
B26: 0.4 | C26: =$G$9*(B26^2) -> 0.19755245 | D26: =$G$10*(B26^2) -> 0.18667391 | E26: =$G$11*(B26^2) -> 0.18137587 | F26: =$G$12*(B26^2) -> 0.17580808 | G26: =$G$13*(B26^2) -> 0.17798153 | H26: =$G$14*(B26^2) -> 0.17683369
B27: 0.5 | C27: =$G$9*(B27^2) -> 0.3086757 | D27: =$G$10*(B27^2) -> 0.29167798 | E27: =$G$11*(B27^2) -> 0.2833998 | F27: =$G$12*(B27^2) -> 0.27470012 | G27: =$G$13*(B27^2) -> 0.27809614 | H27: =$G$14*(B27^2) -> 0.27630263
B28: 0.6 | C28: =$G$9*(B28^2) -> 0.44449301 | D28: =$G$10*(B28^2) -> 0.42001629 | E28: =$G$11*(B28^2) -> 0.40809571 | F28: =$G$12*(B28^2) -> 0.39556818 | G28: =$G$13*(B28^2) -> 0.40045844 | H28: =$G$14*(B28^2) -> 0.39787579
B29: 0.7 | C29: =$G$9*(B29^2) -> 0.60500438 | D29: =$G$10*(B29^2) -> 0.57168884 | E29: =$G$11*(B29^2) -> 0.55546361 | F29: =$G$12*(B29^2) -> 0.53841224 | G29: =$G$13*(B29^2) -> 0.54506844 | H29: =$G$14*(B29^2) -> 0.54155316
B30: 0.8 | C30: =$G$9*(B30^2) -> 0.7902098 | D30: =$G$10*(B30^2) -> 0.74669563 | E30: =$G$11*(B30^2) -> 0.72550348 | F30: =$G$12*(B30^2) -> 0.70323231 | G30: =$G$13*(B30^2) -> 0.71192612 | H30: =$G$14*(B30^2) -> 0.70733474
B31: 0.9 | C31: =$G$9*(B31^2) -> 1.0001093 | D31: =$G$10*(B31^2) -> 0.94503666 | E31: =$G$11*(B31^2) -> 0.91821535 | F31: =$G$12*(B31^2) -> 0.8900284 | G31: =$G$13*(B31^2) -> 0.9010315 | H31: =$G$14*(B31^2) -> 0.89522053
B32: 1 | C32: =$G$9*(B32^2) -> 1.2347028 | D32: =$G$10*(B32^2) -> 1.1667119 | E32: =$G$11*(B32^2) -> 1.1335992 | F32: =$G$12*(B32^2) -> 1.0988005 | G32: =$G$13*(B32^2) -> 1.1123846 | H32: =$G$14*(B32^2) -> 1.1052105
A51: Menghitung KT (Koefisien Thrust) Rough Hull
C53: J = | D53: Va/nD | F53: KT = | G53: β x J2
C54: = | D54: =D17 -> 0.45124006 | F54: = | G54: =I17 -> 0.23756307
B56: Rough Hull (20% Sea Margin)
B57: J | C57: KT pada Kecepatan
C58: 14 | D58: 13 | E58: 12 | F58: 11 | G58: 10 | H58: 9
B59: 0 | C59: =$H$9*(B59^2) -> 0 | D59: =$H$10*(B59^2) -> 0 | E59: =$H$11*(B59^2) -> 0 | F59: =$H$12*(B59^2) -> 0 | G59: =$H$13*(B59^2) -> 0 | H59: =$H$14*(B59^2) -> 0
B60: 0.1 | C60: =$H$9*(B60^2) -> 0.014816434 | D60: =$H$10*(B60^2) -> 0.014000543 | E60: =$H$11*(B60^2) -> 0.01360319 | F60: =$H$12*(B60^2) -> 0.013185606 | G60: =$H$13*(B60^2) -> 0.013348615 | H60: =$H$14*(B60^2) -> 0.013262526
B61: 0.2 | C61: =$H$9*(B61^2) -> 0.059265735 | D61: =$H$10*(B61^2) -> 0.056002172 | E61: =$H$11*(B61^2) -> 0.054412761 | F61: =$H$12*(B61^2) -> 0.052742424 | G61: =$H$13*(B61^2) -> 0.053394459 | H61: =$H$14*(B61^2) -> 0.053050106
B62: 0.3 | C62: =$H$9*(B62^2) -> 0.1333479 | D62: =$H$10*(B62^2) -> 0.12600489 | E62: =$H$11*(B62^2) -> 0.12242871 | F62: =$H$12*(B62^2) -> 0.11867045 | G62: =$H$13*(B62^2) -> 0.12013753 | H62: =$H$14*(B62^2) -> 0.11936274
B63: 0.4 | C63: =$H$9*(B63^2) -> 0.23706294 | D63: =$H$10*(B63^2) -> 0.22400869 | E63: =$H$11*(B63^2) -> 0.21765105 | F63: =$H$12*(B63^2) -> 0.21096969 | G63: =$H$13*(B63^2) -> 0.21357784 | H63: =$H$14*(B63^2) -> 0.21220042
B64: 0.5 | C64: =$H$9*(B64^2) -> 0.37041085 | D64: =$H$10*(B64^2) -> 0.35001358 | E64: =$H$11*(B64^2) -> 0.34007976 | F64: =$H$12*(B64^2) -> 0.32964015 | G64: =$H$13*(B64^2) -> 0.33371537 | H64: =$H$14*(B64^2) -> 0.33156316
B65: 0.6 | C65: =$H$9*(B65^2) -> 0.53339162 | D65: =$H$10*(B65^2) -> 0.50401955 | E65: =$H$11*(B65^2) -> 0.48971485 | F65: =$H$12*(B65^2) -> 0.47468181 | G65: =$H$13*(B65^2) -> 0.48055013 | H65: =$H$14*(B65^2) -> 0.47745095
B66: 0.7 | C66: =$H$9*(B66^2) -> 0.72600526 | D66: =$H$10*(B66^2) -> 0.68602661 | E66: =$H$11*(B66^2) -> 0.66655633 | F66: =$H$12*(B66^2) -> 0.64609469 | G66: =$H$13*(B66^2) -> 0.65408212 | H66: =$H$14*(B66^2) -> 0.64986379
B67: 0.8 | C67: =$H$9*(B67^2) -> 0.94825176 | D67: =$H$10*(B67^2) -> 0.89603476 | E67: =$H$11*(B67^2) -> 0.87060418 | F67: =$H$12*(B67^2) -> 0.84387878 | G67: =$H$13*(B67^2) -> 0.85431135 | H67: =$H$14*(B67^2) -> 0.84880169
B68: 0.9 | C68: =$H$9*(B68^2) -> 1.2001311 | D68: =$H$10*(B68^2) -> 1.134044 | E68: =$H$11*(B68^2) -> 1.1018584 | F68: =$H$12*(B68^2) -> 1.0680341 | G68: =$H$13*(B68^2) -> 1.0812378 | H68: =$H$14*(B68^2) -> 1.0742646
B69: 1 | C69: =$H$9*(B69^2) -> 1.4816434 | D69: =$H$10*(B69^2) -> 1.4000543 | E69: =$H$11*(B69^2) -> 1.360319 | F69: =$H$12*(B69^2) -> 1.3185606 | G69: =$H$13*(B69^2) -> 1.3348615 | H69: =$H$14*(B69^2) -> 1.3262526
C90: Vs (knot) | D90: Va (knot) | E90: Va (m/s) | F90: J
C91: 14 | D91: =C91*(1-0.3) -> 9.8 | E91: =D91*0.514 -> 5.0372 | F91: =E91/(G$3*D$3) -> 0.47669383
C92: 13 | D92: =C92*(1-0.3) -> 9.1 | E92: =D92*0.514 -> 4.6774 | F92: =E92/(G$3*D$3) -> 0.44264427
C93: 12 | D93: =C93*(1-0.3) -> 8.4 | E93: =D93*0.514 -> 4.3176 | F93: =E93/(G$3*D$3) -> 0.40859471
C94: 11 | D94: =C94*(1-0.3) -> 7.7 | E94: =D94*0.514 -> 3.9578 | F94: =E94/(G$3*D$3) -> 0.37454515
C95: 10 | D95: =C95*(1-0.3) -> 7 | E95: =D95*0.514 -> 3.598 | F95: =E95/(G$3*D$3) -> 0.3404956
C96: 9 | D96: =C96*(1-0.3) -> 6.3 | E96: =D96*0.514 -> 3.2382 | F96: =E96/(G$3*D$3) -> 0.30644604
A100: Membuat Diagram KT KQ J
B101: Berdasarkan grafik KT KQ J Propeller B4-70, didapatkan data-data sebagai berikut guna mengambarkan diagram KT KQ J dengan nilai P/D = 0.7454
C104: J | D104: KT | E104: 10KQ | F104: ηo
C105: 0.1 | D105: 0.29619687 | E105: 0.34874395 | F105: 0.13511985
C106: 0.2 | D106: 0.26239925 | E106: 0.31580457 | F106: 0.26437449
C107: 0.3 | D107: 0.22494701 | E107: 0.27876484 | F107: 0.38513132
C108: 0.4 | D108: 0.18433617 | E108: 0.23810941 | F108: 0.49265098
C109: 0.5 | D109: 0.14106279 | E109: 0.19432296 | F109: 0.57743581
C110: 0.6 | D110: 0.09562289 | E110: 0.14789014 | F110: 0.61719055
C111: 0.7 | D111: 0.048512519 | E111: 0.099295611 | F111: 0.54408554
C112: 0.8 | D112: 0.00022771279 | E112: 0.049024039 | F112: 0.0059117175
C113: 0.9 | D113: -0.048735491 | E113: -0.0024399149 | F113: 0
C114: 1 | D114: 0 | E114: 0 | F114: 0
W151: J | Y151: KT | AA151: 10KQ | AC151: Eff | AG151: J | AI151: KT | AK151: 10KQ | AM151: Eff | AQ151: J | AS151: KT | AU151: 10KQ | AW151: Eff | BA151: J | BC151: KT | BE151: 10KQ | BG151: Eff | BK151: J | BM151: KT | BO151: 10KQ | BQ151: Eff
W152: 0.46 | Y152: 0.214 | AA152: 0.273 | AC152: 0.52 | AG152: 0.466 | AI152: 0.213 | AK152: 0.269 | AM152: 0.524 | AQ152: 0.47 | AS152: 0.21 | AU152: 0.267 | AW152: 0.53 | BA152: 0.468 | BC152: 0.212 | BE152: 0.268 | BG152: 0.527 | BK152: 0.47 | BM152: 0.212 | BO152: 0.268 | BQ152: 0.53
B153: Clean Hull | W153: =W152 -> 0.46 | Y153: =Y152 -> 0.214 | AA153: =AA152 -> 0.273 | AC153: =AC152 -> 0.52 | AG153: =AG152 -> 0.466 | AI153: =AI152 -> 0.213 | AK153: =AK152 -> 0.269 | AM153: =AM152 -> 0.524 | AQ153: =AQ152 -> 0.47 | AS153: =AS152 -> 0.21 | AU153: =AU152 -> 0.267 | AW153: =AW152 -> 0.53 | BA153: =BA152 -> 0.468 | BC153: =BC152 -> 0.212 | BE153: =BE152 -> 0.268 | BG153: =BG152 -> 0.527 | BK153: =BK152 -> 0.47 | BM153: =BM152 -> 0.212 | BO153: =BO152 -> 0.268 | BQ153: =BQ152 -> 0.53
B154: Vs | C154: J | D154: KT | E154: 10KQ | F154: Eff | W154: =W153 -> 0.46 | Y154: =Y153 -> 0.214 | AA154: =AA153 -> 0.273 | AC154: =AC153 -> 0.52 | AG154: =AG153 -> 0.466 | AI154: =AI153 -> 0.213 | AK154: =AK153 -> 0.269 | AM154: =AM153 -> 0.524 | AQ154: =AQ153 -> 0.47 | AS154: =AS153 -> 0.21 | AU154: =AU153 -> 0.267 | AW154: =AW153 -> 0.53 | BA154: =BA153 -> 0.468 | BC154: =BC153 -> 0.212 | BE154: =BE153 -> 0.268 | BG154: =BG153 -> 0.527 | BK154: =BK153 -> 0.47 | BM154: =BM153 -> 0.212 | BO154: =BO153 -> 0.268 | BQ154: =BQ153 -> 0.53
B155: 14 | C155: 0.461 | D155: =P152 -> 0 | E155: 0.34 | F155: =T152 -> 0 | W155: =W154 -> 0.46 | Y155: =Y154 -> 0.214 | AA155: =AA154 -> 0.273 | AC155: =AC154 -> 0.52 | AG155: =AG154 -> 0.466 | AI155: =AI154 -> 0.213 | AK155: =AK154 -> 0.269 | AM155: =AM154 -> 0.524 | AQ155: =AQ154 -> 0.47 | AS155: =AS154 -> 0.21 | AU155: =AU154 -> 0.267 | AW155: =AW154 -> 0.53 | BA155: =BA154 -> 0.468 | BC155: =BC154 -> 0.212 | BE155: =BE154 -> 0.268 | BG155: =BG154 -> 0.527 | BK155: =BK154 -> 0.47 | BM155: =BM154 -> 0.212 | BO155: =BO154 -> 0.268 | BQ155: =BQ154 -> 0.53
B156: 13 | C156: 0.463 | D156: =Y152 -> 0.214 | E156: 0.339 | F156: =AC152 -> 0.52 | W156: =W155 -> 0.46 | Y156: =Y155 -> 0.214 | AA156: =AA155 -> 0.273 | AC156: =AC155 -> 0.52 | AG156: =AG155 -> 0.466 | AI156: =AI155 -> 0.213 | AK156: =AK155 -> 0.269 | AM156: =AM155 -> 0.524 | AQ156: =AQ155 -> 0.47 | AS156: =AS155 -> 0.21 | AU156: =AU155 -> 0.267 | AW156: =AW155 -> 0.53 | BA156: =BA155 -> 0.468 | BC156: =BC155 -> 0.212 | BE156: =BE155 -> 0.268 | BG156: =BG155 -> 0.527 | BK156: =BK155 -> 0.47 | BM156: =BM155 -> 0.212 | BO156: =BO155 -> 0.268 | BQ156: =BQ155 -> 0.53
B157: 12 | C157: 0.463 | D157: =AI152 -> 0.213 | E157: 0.337 | F157: =AM152 -> 0.524 | W157: =W156 -> 0.46 | Y157: =Y156 -> 0.214 | AA157: =AA156 -> 0.273 | AC157: =AC156 -> 0.52 | AG157: =AG156 -> 0.466 | AI157: =AI156 -> 0.213 | AK157: =AK156 -> 0.269 | AM157: =AM156 -> 0.524 | AQ157: =AQ156 -> 0.47 | AS157: =AS156 -> 0.21 | AU157: =AU156 -> 0.267 | AW157: =AW156 -> 0.53 | BA157: =BA156 -> 0.468 | BC157: =BC156 -> 0.212 | BE157: =BE156 -> 0.268 | BG157: =BG156 -> 0.527 | BK157: =BK156 -> 0.47 | BM157: =BM156 -> 0.212 | BO157: =BO156 -> 0.268 | BQ157: =BQ156 -> 0.53
B158: 11 | C158: 0.464 | D158: =AS152 -> 0.21 | E158: 0.336 | F158: =AW152 -> 0.53 | W158: =W157 -> 0.46 | Y158: =Y157 -> 0.214 | AA158: =AA157 -> 0.273 | AC158: =AC157 -> 0.52 | AG158: =AG157 -> 0.466 | AI158: =AI157 -> 0.213 | AK158: =AK157 -> 0.269 | AM158: =AM157 -> 0.524 | AQ158: =AQ157 -> 0.47 | AS158: =AS157 -> 0.21 | AU158: =AU157 -> 0.267 | AW158: =AW157 -> 0.53 | BA158: =BA157 -> 0.468 | BC158: =BC157 -> 0.212 | BE158: =BE157 -> 0.268 | BG158: =BG157 -> 0.527 | BK158: =BK157 -> 0.47 | BM158: =BM157 -> 0.212 | BO158: =BO157 -> 0.268 | BQ158: =BQ157 -> 0.53
B159: 10 | C159: 0.466 | D159: =BC152 -> 0.212 | E159: 0.336 | F159: =BG152 -> 0.527 | W159: =W158 -> 0.46 | Y159: =Y158 -> 0.214 | AA159: =AA158 -> 0.273 | AC159: =AC158 -> 0.52 | AG159: =AG158 -> 0.466 | AI159: =AI158 -> 0.213 | AK159: =AK158 -> 0.269 | AM159: =AM158 -> 0.524 | AQ159: =AQ158 -> 0.47 | AS159: =AS158 -> 0.21 | AU159: =AU158 -> 0.267 | AW159: =AW158 -> 0.53 | BA159: =BA158 -> 0.468 | BC159: =BC158 -> 0.212 | BE159: =BE158 -> 0.268 | BG159: =BG158 -> 0.527 | BK159: =BK158 -> 0.47 | BM159: =BM158 -> 0.212 | BO159: =BO158 -> 0.268 | BQ159: =BQ158 -> 0.53
B160: 9 | C160: 0.467 | D160: =BM152 -> 0.212 | E160: 0.334 | F160: =BQ152 -> 0.53 | AC160: =AC159 -> 0.52 | AM160: =AM159 -> 0.524 | AW160: =AW159 -> 0.53 | BG160: =BG159 -> 0.527 | BQ160: =BQ159 -> 0.53
AC161: =AC160 -> 0.52 | AM161: =AM160 -> 0.524 | AW161: =AW160 -> 0.53 | BG161: =BG160 -> 0.527 | BQ161: =BQ160 -> 0.53
AC162: =AC161 -> 0.52 | AM162: =AM161 -> 0.524 | AW162: =AW161 -> 0.53 | BG162: =BG161 -> 0.527 | BQ162: =BQ161 -> 0.53
W182: J | Y182: KT | AA182: 10KQ | AC182: Eff | AF182: J | AH182: KT | AJ182: 10KQ | AL182: Eff | AO182: J | AQ182: KT | AS182: 10KQ | AU182: Eff | AX182: J | AZ182: KT | BB182: 10KQ | BD182: Eff | BG182: J | BI182: KT | BK182: 10KQ | BM182: Eff
B183: Rough Hull | W183: 0.433 | Y183: 0.23 | AA183: 0.29 | AC183: 0.495 | AF183: 0.439 | AH183: 0.228 | AJ183: 0.287 | AL183: 0.5 | AO183: 0.442 | AQ183: 0.224 | AS183: 0.283 | AU183: 0.502 | AX183: 0.44 | AZ183: 0.223 | BB183: 0.285 | BD183: 0.501 | BG183: 0.442 | BI183: 0.221 | BK183: 0.282 | BM183: 0.502
B184: Vs | C184: J | D184: KT | E184: 10KQ | F184: Eff | W184: =W183 -> 0.433 | Y184: =Y183 -> 0.23 | AA184: =AA183 -> 0.29 | AC184: =AC183 -> 0.495 | AF184: =AF183 -> 0.439 | AH184: =AH183 -> 0.228 | AJ184: =AJ183 -> 0.287 | AL184: =AL183 -> 0.5 | AO184: =AO183 -> 0.442 | AQ184: =AQ183 -> 0.224 | AS184: =AS183 -> 0.283 | AU184: =AU183 -> 0.502 | AX184: =AX183 -> 0.44 | AZ184: =AZ183 -> 0.223 | BB184: =BB183 -> 0.285 | BD184: =BD183 -> 0.501 | BG184: =BG183 -> 0.442 | BI184: =BI183 -> 0.221 | BK184: =BK183 -> 0.282 | BM184: =BM183 -> 0.502
B185: 14 | C185: 0.473 | D185: =P183 -> 0 | E185: 0.357 | F185: =T183 -> 0 | W185: =W184 -> 0.433 | Y185: =Y184 -> 0.23 | AA185: =AA184 -> 0.29 | AC185: =AC184 -> 0.495 | AF185: =AF184 -> 0.439 | AH185: =AH184 -> 0.228 | AJ185: =AJ184 -> 0.287 | AL185: =AL184 -> 0.5 | AO185: =AO184 -> 0.442 | AQ185: =AQ184 -> 0.224 | AS185: =AS184 -> 0.283 | AU185: =AU184 -> 0.502 | AX185: =AX184 -> 0.44 | AZ185: =AZ184 -> 0.223 | BB185: =BB184 -> 0.285 | BD185: =BD184 -> 0.501 | BG185: =BG184 -> 0.442 | BI185: =BI184 -> 0.221 | BK185: =BK184 -> 0.282 | BM185: =BM184 -> 0.502
B186: 13 | C186: 0.473 | D186: =Y183 -> 0.23 | E186: 0.352 | F186: =AC183 -> 0.495 | W186: =W185 -> 0.433 | Y186: =Y185 -> 0.23 | AA186: =AA185 -> 0.29 | AC186: =AC185 -> 0.495 | AF186: =AF185 -> 0.439 | AH186: =AH185 -> 0.228 | AJ186: =AJ185 -> 0.287 | AL186: =AL185 -> 0.5 | AO186: =AO185 -> 0.442 | AQ186: =AQ185 -> 0.224 | AS186: =AS185 -> 0.283 | AU186: =AU185 -> 0.502 | AX186: =AX185 -> 0.44 | AZ186: =AZ185 -> 0.223 | BB186: =BB185 -> 0.285 | BD186: =BD185 -> 0.501 | BG186: =BG185 -> 0.442 | BI186: =BI185 -> 0.221 | BK186: =BK185 -> 0.282 | BM186: =BM185 -> 0.502
B187: 12 | C187: 0.474 | D187: =AH183 -> 0.228 | E187: 0.352 | F187: =AL183 -> 0.5 | W187: =W186 -> 0.433 | Y187: =Y186 -> 0.23 | AA187: =AA186 -> 0.29 | AC187: =AC186 -> 0.495 | AF187: =AF186 -> 0.439 | AH187: =AH186 -> 0.228 | AJ187: =AJ186 -> 0.287 | AL187: =AL186 -> 0.5 | AO187: =AO186 -> 0.442 | AQ187: =AQ186 -> 0.224 | AS187: =AS186 -> 0.283 | AU187: =AU186 -> 0.502 | AX187: =AX186 -> 0.44 | AZ187: =AZ186 -> 0.223 | BB187: =BB186 -> 0.285 | BD187: =BD186 -> 0.501 | BG187: =BG186 -> 0.442 | BI187: =BI186 -> 0.221 | BK187: =BK186 -> 0.282 | BM187: =BM186 -> 0.502
B188: 11 | C188: 0.476 | D188: =AQ183 -> 0.224 | E188: 0.347 | F188: =AU183 -> 0.502 | W188: =W187 -> 0.433 | Y188: =Y187 -> 0.23 | AA188: =AA187 -> 0.29 | AC188: =AC187 -> 0.495 | AF188: =AF187 -> 0.439 | AH188: =AH187 -> 0.228 | AJ188: =AJ187 -> 0.287 | AL188: =AL187 -> 0.5 | AO188: =AO187 -> 0.442 | AQ188: =AQ187 -> 0.224 | AS188: =AS187 -> 0.283 | AU188: =AU187 -> 0.502 | AX188: =AX187 -> 0.44 | AZ188: =AZ187 -> 0.223 | BB188: =BB187 -> 0.285 | BD188: =BD187 -> 0.501 | BG188: =BG187 -> 0.442 | BI188: =BI187 -> 0.221 | BK188: =BK187 -> 0.282 | BM188: =BM187 -> 0.502
B189: 10 | C189: 0.477 | D189: =AZ183 -> 0.223 | E189: 0.347 | F189: =BD183 -> 0.501 | W189: =W188 -> 0.433 | Y189: =Y188 -> 0.23 | AA189: =AA188 -> 0.29 | AC189: =AC188 -> 0.495 | AF189: =AF188 -> 0.439 | AH189: =AH188 -> 0.228 | AJ189: =AJ188 -> 0.287 | AL189: =AL188 -> 0.5 | AO189: =AO188 -> 0.442 | AQ189: =AQ188 -> 0.224 | AS189: =AS188 -> 0.283 | AU189: =AU188 -> 0.502 | AX189: =AX188 -> 0.44 | AZ189: =AZ188 -> 0.223 | BB189: =BB188 -> 0.285 | BD189: =BD188 -> 0.501 | BG189: =BG188 -> 0.442 | BI189: =BI188 -> 0.221 | BK189: =BK188 -> 0.282 | BM189: =BM188 -> 0.502
B190: 9 | C190: 0.477 | D190: =BI183 -> 0.221 | E190: 0.346 | F190: =BM183 -> 0.502 | W190: =W189 -> 0.433 | Y190: =Y189 -> 0.23 | AA190: =AA189 -> 0.29 | AC190: =AC189 -> 0.495 | AF190: =AF189 -> 0.439 | AH190: =AH189 -> 0.228 | AJ190: =AJ189 -> 0.287 | AL190: =AL189 -> 0.5 | AO190: =AO189 -> 0.442 | AQ190: =AQ189 -> 0.224 | AS190: =AS189 -> 0.283 | AU190: =AU189 -> 0.502 | AX190: =AX189 -> 0.44 | AZ190: =AZ189 -> 0.223 | BB190: =BB189 -> 0.285 | BD190: =BD189 -> 0.501 | BG190: =BG189 -> 0.442 | BI190: =BI189 -> 0.221 | BK190: =BK189 -> 0.282 | BM190: =BM189 -> 0.502
AC191: =AC190 -> 0.495 | AL191: =AL190 -> 0.5 | AU191: =AU190 -> 0.502 | BD191: =BD190 -> 0.501 | BM191: =BM190 -> 0.502
A192: Kondisi Trial (Clean Hull) | AC192: =AC191 -> 0.495 | AL192: =AL191 -> 0.5 | AU192: =AU191 -> 0.502 | BD192: =BD191 -> 0.501 | BM192: =BM191 -> 0.502
AC193: =AC192 -> 0.495 | AL193: =AL192 -> 0.5 | AU193: =AU192 -> 0.502 | BD193: =BD192 -> 0.501 | BM193: =BM192 -> 0.502
A194: Vs (knot) | B194: Vs (m/s) | C194: Va (m/s) | D194: J | E194: KT | F194: KQ | G194: η | H194: Np (rpm)
H195: Va/J*D
A196: 14 | B196: =B9 -> 7.20216 | C196: =E91 -> 5.0372 | D196: =C155 -> 0.461 | E196: =D155 -> 0 | F196: =E155/10 -> 0.034 | G196: =F155 -> 0 | H196: =(C196/(D196*$D$3))*60 -> 160.9656
A197: 13 | B197: =B10 -> 6.68772 | C197: =E92 -> 4.6774 | D197: =C156 -> 0.463 | E197: =D156 -> 0.214 | F197: =E156/10 -> 0.0339 | G197: =F157 -> 0.524 | H197: =(C197/(D197*$D$3))*60 -> 148.82241
A198: 12 | B198: =B11 -> 6.17328 | C198: =E93 -> 4.3176 | D198: =C157 -> 0.463 | E198: =D157 -> 0.213 | F198: =E157/10 -> 0.0337 | G198: =F158 -> 0.53 | H198: =(C198/(D198*$D$3))*60 -> 137.37453
A199: 11 | B199: =B12 -> 5.65884 | C199: =E94 -> 3.9578 | D199: =C158 -> 0.464 | E199: =D158 -> 0.21 | F199: =E158/10 -> 0.0336 | G199: =F158 -> 0.53 | H199: =(C199/(D199*$D$3))*60 -> 125.65526
A200: 10 | B200: =B13 -> 5.1444 | C200: =E95 -> 3.598 | D200: =C159 -> 0.466 | E200: =D159 -> 0.212 | F200: =E159/10 -> 0.0336 | G200: =F159 -> 0.527 | H200: =(C200/(D200*$D$3))*60 -> 113.74179
A201: 9 | B201: =B14 -> 4.62996 | C201: =E96 -> 3.2382 | D201: =C160 -> 0.467 | E201: =D160 -> 0.212 | F201: =E160/10 -> 0.0334 | G201: =F160 -> 0.53 | H201: =(C201/(D201*$D$3))*60 -> 102.14841
A203: Vs (knot) | B203: Np (rps) | C203: Q (kNm) | D203: DHP | E203: SHP | F203: BHPSCR (kW) | G203: BHP (kW) | H203: % BHP | I203: % RPM
...

Sheet DISP
A2: Main Deck | G2: Draft | M2: WL 8 | S2: WL 7 | Y2: WL 6 | AE2: WL 5 | AK2: WL 4 | AQ2: WL 3 | AW2: WL 2 | BC2: WL 1 | BI2: WL 0.5
A4: Station | B4: Area | C4: Area/2 | D4: Fs | E4: A x Fs | G4: Station | H4: Area | I4: Area/2 | J4: Fs | K4: A x Fs | M4: Station | N4: Area | O4: Area/2 | P4: Fs | Q4: A x Fs | S4: Station | T4: Area | U4: Area/2 | V4: Fs | W4: A x Fs | Y4: Station | Z4: Area | AA4: Area/2 | AB4: Fs | AC4: A x Fs | AE4: Station | AF4: Area | AG4: Area/2 | AH4: Fs | AI4: A x Fs | AK4: Station | AL4: Area | AM4: Area/2 | AN4: Fs | AO4: A x Fs | AQ4: Station | AR4: Area | AS4: Area/2 | AT4: Fs | AU4: A x Fs | AW4: Station | AX4: Area | AY4: Area/2 | AZ4: Fs | BA4: A x Fs | BC4: Station | BD4: Area | BE4: Area/2 | BF4: Fs | BG4: A x Fs | BI4: Station | BJ4: Area | BK4: Area/2 | BL4: Fs | BM4: A x Fs
A5: -2 | B5: 0 | C5: 0 | D5: 0.3 | E5: =C5*D5 -> 0 | G5: -2 | H5: 0 | I5: 0 | J5: 0.3 | K5: =I5*J5 -> 0 | M5: -2 | N5: 0 | O5: 0 | P5: 0.3 | Q5: =O5*P5 -> 0 | S5: -2 | T5: 0 | U5: 0 | V5: 0.3 | W5: =U5*V5 -> 0 | Y5: -2 | Z5: 0 | AA5: 0 | AB5: 0.3 | AC5: =AA5*AB5 -> 0 | AE5: -2 | AF5: 0 | AG5: 0 | AH5: 0.3 | AI5: =AG5*AH5 -> 0 | AK5: -2 | AL5: 0 | AM5: 0 | AN5: 0.3 | AO5: =AM5*AN5 -> 0 | AQ5: -2 | AR5: 0 | AS5: 0 | AT5: 0.3 | AU5: =AS5*AT5 -> 0 | AW5: -2 | AX5: 0 | AY5: 0 | AZ5: 0.3 | BA5: =AY5*AZ5 -> 0 | BC5: -2 | BD5: 0 | BE5: 0 | BF5: 0.3 | BG5: =BE5*BF5 -> 0 | BI5: -2 | BJ5: =BK5*$N$35 -> 0 | BK5: 0 | BL5: 0.3 | BM5: =BK5*BL5 -> 0
A6: -1 | B6: =C6*$N$35 -> 19.36 | C6: =5.85+I6 -> 9.68 | D6: 1.2 | E6: =C6*D6 -> 11.616 | G6: -1 | H6: =I6*$N$35 -> 7.66 | I6: =2.65+O6 -> 3.83 | J6: 1.2 | K6: =I6*J6 -> 4.596 | M6: -1 | N6: =O6*$N$35 -> 2.36 | O6: 1.18 | P6: 1.2 | Q6: =O6*P6 -> 1.416 | S6: -1 | T6: 0 | U6: 0 | V6: 1.2 | W6: =U6*V6 -> 0 | Y6: -1 | Z6: 0 | AA6: 0 | AB6: 1.2 | AC6: =AA6*AB6 -> 0 | AE6: -1 | AF6: 0 | AG6: 0 | AH6: 1.2 | AI6: =AG6*AH6 -> 0 | AK6: -1 | AL6: 0 | AM6: 0 | AN6: 1.2 | AO6: =AM6*AN6 -> 0 | AQ6: -1 | AR6: 0 | AS6: 0 | AT6: 1.2 | AU6: =AS6*AT6 -> 0 | AW6: -1 | AX6: 0 | AY6: 0 | AZ6: 1.2 | BA6: =AY6*AZ6 -> 0 | BC6: -1 | BD6: 0 | BE6: 0 | BF6: 1.2 | BG6: =BE6*BF6 -> 0 | BI6: -1 | BJ6: =BK6*$N$35 -> 0 | BK6: 0 | BL6: 1.2 | BM6: =BK6*BL6 -> 0
A7: AP | B7: =C7*$N$35 -> 31.4 | C7: =8.42+I7 -> 15.7 | D7: 1.3 | E7: =B7*D7 -> 40.82 | G7: AP | H7: =I7*$N$35 -> 14.56 | I7: =4.05+O7 -> 7.28 | J7: 1.3 | K7: =H7*J7 -> 18.928 | M7: AP | N7: =O7*$N$35 -> 6.46 | O7: =2.89+U7 -> 3.23 | P7: 1.3 | Q7: =O7*P7 -> 4.199 | S7: AP | T7: =U7*$N$35 -> 0.68 | U7: 0.34 | V7: 1.3 | W7: =U7*V7 -> 0.442 | Y7: AP | Z7: 0 | AA7: 0 | AB7: 1.3 | AC7: =AA7*AB7 -> 0 | AE7: AP | AF7: 0 | AG7: 0 | AH7: 1.3 | AI7: =AG7*AH7 -> 0 | AK7: AP | AL7: 0 | AM7: 0 | AN7: 1.3 | AO7: =AM7*AN7 -> 0 | AQ7: AP | AR7: 0 | AS7: 0 | AT7: 1.3 | AU7: =AS7*AT7 -> 0 | AW7: AP | AX7: 0 | AY7: 0 | AZ7: 1.3 | BA7: =AY7*AZ7 -> 0 | BC7: AP | BD7: 0 | BE7: 0 | BF7: 1.3 | BG7: =BE7*BF7 -> 0 | BI7: AP | BJ7: =BK7*$N$35 -> 0 | BK7: 0 | BL7: 1.3 | BM7: =BK7*BL7 -> 0
A8: 1 | B8: =C8*$N$35 -> 83.3 | C8: =13.16+I8 -> 41.65 | D8: 4 | E8: =B8*D8 -> 333.2 | G8: 1 | H8: =I8*$N$35 -> 56.98 | I8: =6.6+O8 -> 28.49 | J8: 4 | K8: =H8*J8 -> 227.92 | M8: 1 | N8: =O8*$N$35 -> 43.78 | O8: =5.2+U8 -> 21.89 | P8: 4 | Q8: =N8*P8 -> 175.12 | S8: 1 | T8: =U8*$N$35 -> 33.38 | U8: =4.05+AA8 -> 16.69 | V8: 4 | W8: =T8*V8 -> 133.52 | Y8: 1 | Z8: =AA8*$N$35 -> 25.28 | AA8: =3.03+AG8 -> 12.64 | AB8: 4 | AC8: =Z8*AB8 -> 101.12 | AE8: 1 | AF8: =AG8*$N$35 -> 19.22 | AG8: =2.46+AM8 -> 9.61 | AH8: 4 | AI8: =AF8*AH8 -> 76.88 | AK8: 1 | AL8: =AM8*$N$35 -> 14.3 | AM8: =2.17+AS8 -> 7.15 | AN8: 4 | AO8: =AL8*AN8 -> 57.2 | AQ8: 1 | AR8: =AS8*$N$35 -> 9.96 | AS8: =1.99+AY8 -> 4.98 | AT8: 4 | AU8: =AR8*AT8 -> 39.84 | AW8: 1 | AX8: =AY8*$N$35 -> 5.98 | AY8: =1.82+BE8 -> 2.99 | AZ8: 4 | BA8: =AX8*AZ8 -> 23.92 | BC8: 1 | BD8: =BE8*$N$35 -> 2.34 | BE8: =0.76+BK8 -> 1.17 | BF8: 4 | BG8: =BD8*BF8 -> 9.36 | BI8: 1 | BJ8: =BK8*$N$35 -> 0.82 | BK8: 0.41 | BL8: 4 | BM8: =BJ8*BL8 -> 3.28
A9: 2 | B9: =C9*$N$35 -> 139.24 | C9: =16.68+I9 -> 69.62 | D9: 2 | E9: =B9*D9 -> 278.48 | G9: 2 | H9: =I9*$N$35 -> 105.88 | I9: =8.91+O9 -> 52.94 | J9: 2 | K9: =H9*J9 -> 211.76 | M9: 2 | N9: =O9*$N$35 -> 88.06 | O9: =7.65+U9 -> 44.03 | P9: 2 | Q9: =N9*P9 -> 176.12 | S9: 2 | T9: =U9*$N$35 -> 72.76 | U9: =6.84+AA9 -> 36.38 | V9: 2 | W9: =T9*V9 -> 145.52 | Y9: 2 | Z9: =AA9*$N$35 -> 59.08 | AA9: =6.11+AG9 -> 29.54 | AB9: 2 | AC9: =Z9*AB9 -> 118.16 | AE9: 2 | AF9: =AG9*$N$35 -> 46.86 | AG9: =5.55+AM9 -> 23.43 | AH9: 2 | AI9: =AF9*AH9 -> 93.72 | AK9: 2 | AL9: =AM9*$N$35 -> 35.76 | AM9: =5.16+AS9 -> 17.88 | AN9: 2 | AO9: =AL9*AN9 -> 71.52 | AQ9: 2 | AR9: =AS9*$N$35 -> 25.44 | AS9: =4.83+AY9 -> 12.72 | AT9: 2 | AU9: =AR9*AT9 -> 50.88 | AW9: 2 | AX9: =AY9*$N$35 -> 15.78 | AY9: =4.44+BE9 -> 7.89 | AZ9: 2 | BA9: =AX9*AZ9 -> 31.56 | BC9: 2 | BD9: =BE9*$N$35 -> 6.9 | BE9: =1.97+BK9 -> 3.45 | BF9: 2 | BG9: =BD9*BF9 -> 13.8 | BI9: 2 | BJ9: =BK9*$N$35 -> 2.96 | BK9: 1.48 | BL9: 2 | BM9: =BJ9*BL9 -> 5.92
A10: 3 | B10: =C10*$N$35 -> 188.82 | C10: =19.36+I10 -> 94.41 | D10: 4 | E10: =B10*D10 -> 755.28 | G10: 3 | H10: =I10*$N$35 -> 150.1 | I10: =10.61+O10 -> 75.05 | J10: 4 | K10: =H10*J10 -> 600.4 | M10: 3 | N10: =O10*$N$35 -> 128.88 | O10: =9.5+U10 -> 64.44 | P10: 4 | Q10: =N10*P10 -> 515.52 | S10: 3 | T10: =U10*$N$35 -> 109.88 | U10: =9.02+AA10 -> 54.94 | V10: 4 | W10: =T10*V10 -> 439.52 | Y10: 3 | Z10: =AA10*$N$35 -> 91.84 | AA10: =8.63+AG10 -> 45.92 | AB10: 4 | AC10: =Z10*AB10 -> 367.36 | AE10: 3 | AF10: =AG10*$N$35 -> 74.58 | AG10: =8.32+AM10 -> 37.29 | AH10: 4 | AI10: =AF10*AH10 -> 298.32 | AK10: 3 | AL10: =AM10*$N$35 -> 57.94 | AM10: =8.04+AS10 -> 28.97 | AN10: 4 | AO10: =AL10*AN10 -> 231.76 | AQ10: 3 | AR10: =AS10*$N$35 -> 41.86 | AS10: =7.72+AY10 -> 20.93 | AT10: 4 | AU10: =AR10*AT10 -> 167.44 | AW10: 3 | AX10: =AY10*$N$35 -> 26.42 | AY10: =7.24+BE10 -> 13.21 | AZ10: 4 | BA10: =AX10*AZ10 -> 105.68 | BC10: 3 | BD10: =BE10*$N$35 -> 11.94 | BE10: =3.3+BK10 -> 5.97 | BF10: 4 | BG10: =BD10*BF10 -> 47.76 | BI10: 3 | BJ10: =BK10*$N$35 -> 5.34 | BK10: 2.67 | BL10: 4 | BM10: =BJ10*BL10 -> 21.36
A11: 4 | B11: =C11*$N$35 -> 221.45 | C11: =20.55+I11 -> 110.725 | D11: 2 | E11: =B11*D11 -> 442.9 | G11: 4 | H11: =I11*$N$35 -> 180.35 | I11: =11.71+O11 -> 90.175 | J11: 2 | K11: =H11*J11 -> 360.7 | M11: 4 | N11: =O11*$N$35 -> 156.93 | O11: =10.82+U11 -> 78.465 | P11: 2 | Q11: =N11*P11 -> 313.86 | S11: 4 | T11: =U11*$N$35 -> 135.29 | U11: =10.56+AA11 -> 67.645 | V11: 2 | W11: =T11*V11 -> 270.58 | Y11: 4 | Z11: =AA11*$N$35 -> 114.17 | AA11: =10.33+AG11 -> 57.085 | AB11: 2 | AC11: =Z11*AB11 -> 228.34 | AE11: 4 | AF11: =AG11*$N$35 -> 93.51 | AG11: =10.14+AM11 -> 46.755 | AH11: 2 | AI11: =AF11*AH11 -> 187.02 | AK11: 4 | AL11: =AM11*$N$35 -> 73.23 | AM11: =9.935+AS11 -> 36.615 | AN11: 2 | AO11: =AL11*AN11 -> 146.46 | AQ11: 4 | AR11: =AS11*$N$35 -> 53.36 | AS11: =9.66+AY11 -> 26.68 | AT11: 2 | AU11: =AR11*AT11 -> 106.72 | AW11: 4 | AX11: =AY11*$N$35 -> 34.04 | AY11: =9.2+BE11 -> 17.02 | AZ11: 2 | BA11: =AX11*AZ11 -> 68.08 | BC11: 4 | BD11: =BE11*$N$35 -> 15.64 | BE11: =4.24+BK11 -> 7.82 | BF11: 2 | BG11: =BD11*BF11 -> 31.28 | BI11: 4 | BJ11: =BK11*$N$35 -> 7.16 | BK11: 3.58 | BL11: 2 | BM11: =BJ11*BL11 -> 14.32
A12: 5 | B12: =C12*$N$35 -> 239.54 | C12: =20.82+I12 -> 119.77 | D12: 4 | E12: =B12*D12 -> 958.16 | G12: 5 | H12: =I12*$N$35 -> 197.9 | I12: =12.14+O12 -> 98.95 | J12: 4 | K12: =H12*J12 -> 791.6 | M12: 5 | N12: =O12*$N$35 -> 173.62 | O12: =11.47+U12 -> 86.81 | P12: 4 | Q12: =N12*P12 -> 694.48 | S12: 5 | T12: =U12*$N$35 -> 150.68 | U12: =11.41+AA12 -> 75.34 | V12: 4 | W12: =T12*V12 -> 602.72 | Y12: 5 | Z12: =AA12*$N$35 -> 127.86 | AA12: =11.35+AG12 -> 63.93 | AB12: 4 | AC12: =Z12*AB12 -> 511.44 | AE12: 5 | AF12: =AG12*$N$35 -> 105.16 | AG12: =11.24+AM12 -> 52.58 | AH12: 4 | AI12: =AF12*AH12 -> 420.64 | AK12: 5 | AL12: =AM12*$N$35 -> 82.68 | AM12: =11.06+AS12 -> 41.34 | AN12: 4 | AO12: =AL12*AN12 -> 330.72 | AQ12: 5 | AR12: =AS12*$N$35 -> 60.56 | AS12: =10.76+AY12 -> 30.28 | AT12: 4 | AU12: =AR12*AT12 -> 242.24 | AW12: 5 | AX12: =AY12*$N$35 -> 39.04 | AY12: =10.27+BE12 -> 19.52 | AZ12: 4 | BA12: =AX12*AZ12 -> 156.16 | BC12: 5 | BD12: =BE12*$N$35 -> 18.5 | BE12: =4.84+BK12 -> 9.25 | BF12: 4 | BG12: =BD12*BF12 -> 74 | BI12: 5 | BJ12: =BK12*$N$35 -> 8.82 | BK12: 4.41 | BL12: 4 | BM12: =BJ12*BL12 -> 35.28
A13: 6 | B13: =C13*$N$35 -> 247.54 | C13: =20.91+I13 -> 123.77 | D13: 2 | E13: =B13*D13 -> 495.08 | G13: 6 | H13: =I13*$N$35 -> 205.72 | I13: =12.25+O13 -> 102.86 | J13: 2 | K13: =H13*J13 -> 411.44 | M13: 6 | N13: =O13*$N$35 -> 181.22 | O13: =11.63+U13 -> 90.61 | P13: 2 | Q13: =N13*P13 -> 362.44 | S13: 6 | T13: =U13*$N$35 -> 157.96 | U13: =11.62+AA13 -> 78.98 | V13: 2 | W13: =T13*V13 -> 315.92 | Y13: 6 | Z13: =AA13*$N$35 -> 134.72 | AA13: =11.61+AG13 -> 67.36 | AB13: 2 | AC13: =Z13*AB13 -> 269.44 | AE13: 6 | AF13: =AG13*$N$35 -> 111.5 | AG13: =11.58+AM13 -> 55.75 | AH13: 2 | AI13: =AF13*AH13 -> 223 | AK13: 6 | AL13: =AM13*$N$35 -> 88.34 | AM13: =11.53+AS13 -> 44.17 | AN13: 2 | AO13: =AL13*AN13 -> 176.68 | AQ13: 6 | AR13: =AS13*$N$35 -> 65.28 | AS13: =11.42+AY13 -> 32.64 | AT13: 2 | AU13: =AR13*AT13 -> 130.56 | AW13: 6 | AX13: =AY13*$N$35 -> 42.44 | AY13: =11.13+BE13 -> 21.22 | AZ13: 2 | BA13: =AX13*AZ13 -> 84.88 | BC13: 6 | BD13: =BE13*$N$35 -> 20.18 | BE13: =5.29+BK13 -> 10.09 | BF13: 2 | BG13: =BD13*BF13 -> 40.36 | BI13: 6 | BJ13: =BK13*$N$35 -> 9.6 | BK13: 4.8 | BL13: 2 | BM13: =BJ13*BL13 -> 19.2
A14: 7 | B14: =C14*$N$35 -> 251.24 | C14: =21.1+I14 -> 125.62 | D14: 4 | E14: =B14*D14 -> 1004.96 | G14: 7 | H14: =I14*$N$35 -> 209.04 | I14: =12.36+O14 -> 104.52 | J14: 4 | K14: =H14*J14 -> 836.16 | M14: 7 | N14: =O14*$N$35 -> 184.32 | O14: =11.73+U14 -> 92.16 | P14: 4 | Q14: =N14*P14 -> 737.28 | S14: 7 | T14: =U14*$N$35 -> 160.86 | U14: =11.71+AA14 -> 80.43 | V14: 4 | W14: =T14*V14 -> 643.44 | Y14: 7 | Z14: =AA14*$N$35 -> 137.44 | AA14: =11.7+AG14 -> 68.72 | AB14: 4 | AC14: =Z14*AB14 -> 549.76 | AE14: 7 | AF14: =AG14*$N$35 -> 114.04 | AG14: =11.69+AM14 -> 57.02 | AH14: 4 | AI14: =AF14*AH14 -> 456.16 | AK14: 7 | AL14: =AM14*$N$35 -> 90.66 | AM14: =11.67+AS14 -> 45.33 | AN14: 4 | AO14: =AL14*AN14 -> 362.64 | AQ14: 7 | AR14: =AS14*$N$35 -> 67.32 | AS14: =11.64+AY14 -> 33.66 | AT14: 4 | AU14: =AR14*AT14 -> 269.28 | AW14: 7 | AX14: =AY14*$N$35 -> 44.04 | AY14: =11.44+BE14 -> 22.02 | AZ14: 4 | BA14: =AX14*AZ14 -> 176.16 | BC14: 7 | BD14: =BE14*$N$35 -> 21.16 | BE14: =5.49+BK14 -> 10.58 | BF14: 4 | BG14: =BD14*BF14 -> 84.64 | BI14: 7 | BJ14: =BK14*$N$35 -> 10.18 | BK14: 5.09 | BL14: 4 | BM14: =BJ14*BL14 -> 40.72
A15: 8 | B15: =C15*$N$35 -> 252.96 | C15: =21.1+I15 -> 126.48 | D15: 2 | E15: =B15*D15 -> 505.92 | G15: 8 | H15: =I15*$N$35 -> 210.76 | I15: =12.4+O15 -> 105.38 | J15: 2 | K15: =H15*J15 -> 421.52 | M15: 8 | N15: =O15*$N$35 -> 185.96 | O15: =11.77+U15 -> 92.98 | P15: 2 | Q15: =N15*P15 -> 371.92 | S15: 8 | T15: =U15*$N$35 -> 162.42 | U15: =11.77+AA15 -> 81.21 | V15: 2 | W15: =T15*V15 -> 324.84 | Y15: 8 | Z15: =AA15*$N$35 -> 138.88 | AA15: =11.77+AG15 -> 69.44 | AB15: 2 | AC15: =Z15*AB15 -> 277.76 | AE15: 8 | AF15: =AG15*$N$35 -> 115.34 | AG15: =11.77+AM15 -> 57.67 | AH15: 2 | AI15: =AF15*AH15 -> 230.68 | AK15: 8 | AL15: =AM15*$N$35 -> 91.8 | AM15: =11.77+AS15 -> 45.9 | AN15: 2 | AO15: =AL15*AN15 -> 183.6 | AQ15: 8 | AR15: =AS15*$N$35 -> 68.26 | AS15: =11.76+AY15 -> 34.13 | AT15: 2 | AU15: =AR15*AT15 -> 136.52 | AW15: 8 | AX15: =AY15*$N$35 -> 44.74 | AY15: =11.59+BE15 -> 22.37 | AZ15: 2 | BA15: =AX15*AZ15 -> 89.48 | BC15: 8 | BD15: =BE15*$N$35 -> 21.56 | BE15: =5.57+BK15 -> 10.78 | BF15: 2 | BG15: =BD15*BF15 -> 43.12 | BI15: 8 | BJ15: =BK15*$N$35 -> 10.42 | BK15: 5.21 | BL15: 2 | BM15: =BJ15*BL15 -> 20.84
A16: 9 | B16: =C16*$N$35 -> 252.96 | C16: =21.1+I16 -> 126.48 | D16: 4 | E16: =B16*D16 -> 1011.84 | G16: 9 | H16: =I16*$N$35 -> 210.76 | I16: =12.4+O16 -> 105.38 | J16: 4 | K16: =H16*J16 -> 843.04 | M16: 9 | N16: =O16*$N$35 -> 185.96 | O16: =11.77+U16 -> 92.98 | P16: 4 | Q16: =N16*P16 -> 743.84 | S16: 9 | T16: =U16*$N$35 -> 162.42 | U16: =11.77+AA16 -> 81.21 | V16: 4 | W16: =T16*V16 -> 649.68 | Y16: 9 | Z16: =AA16*$N$35 -> 138.88 | AA16: =11.77+AG16 -> 69.44 | AB16: 4 | AC16: =Z16*AB16 -> 555.52 | AE16: 9 | AF16: =AG16*$N$35 -> 115.34 | AG16: =11.77+AM16 -> 57.67 | AH16: 4 | AI16: =AF16*AH16 -> 461.36 | AK16: 9 | AL16: =AM16*$N$35 -> 91.8 | AM16: =11.77+AS16 -> 45.9 | AN16: 4 | AO16: =AL16*AN16 -> 367.2 | AQ16: 9 | AR16: =AS16*$N$35 -> 68.26 | AS16: =11.76+AY16 -> 34.13 | AT16: 4 | AU16: =AR16*AT16 -> 273.04 | AW16: 9 | AX16: =AY16*$N$35 -> 44.74 | AY16: =11.59+BE16 -> 22.37 | AZ16: 4 | BA16: =AX16*AZ16 -> 178.96 | BC16: 9 | BD16: =BE16*$N$35 -> 21.56 | BE16: =5.57+BK16 -> 10.78 | BF16: 4 | BG16: =BD16*BF16 -> 86.24 | BI16: 9 | BJ16: =BK16*$N$35 -> 10.42 | BK16: 5.21 | BL16: 4 | BM16: =BJ16*BL16 -> 41.68
A17: 10 | B17: =C17*$N$35 -> 252.96 | C17: =21.1+I17 -> 126.48 | D17: 2 | E17: =B17*D17 -> 505.92 | G17: 10 | H17: =I17*$N$35 -> 210.76 | I17: =12.4+O17 -> 105.38 | J17: 2 | K17: =H17*J17 -> 421.52 | M17: 10 | N17: =O17*$N$35 -> 185.96 | O17: =11.77+U17 -> 92.98 | P17: 2 | Q17: =N17*P17 -> 371.92 | S17: 10 | T17: =U17*$N$35 -> 162.42 | U17: =11.77+AA17 -> 81.21 | V17: 2 | W17: =T17*V17 -> 324.84 | Y17: 10 | Z17: =AA17*$N$35 -> 138.88 | AA17: =11.77+AG17 -> 69.44 | AB17: 2 | AC17: =Z17*AB17 -> 277.76 | AE17: 10 | AF17: =AG17*$N$35 -> 115.34 | AG17: =11.77+AM17 -> 57.67 | AH17: 2 | AI17: =AF17*AH17 -> 230.68 | AK17: 10 | AL17: =AM17*$N$35 -> 91.8 | AM17: =11.77+AS17 -> 45.9 | AN17: 2 | AO17: =AL17*AN17 -> 183.6 | AQ17: 10 | AR17: =AS17*$N$35 -> 68.26 | AS17: =11.76+AY17 -> 34.13 | AT17: 2 | AU17: =AR17*AT17 -> 136.52 | AW17: 10 | AX17: =AY17*$N$35 -> 44.74 | AY17: =11.59+BE17 -> 22.37 | AZ17: 2 | BA17: =AX17*AZ17 -> 89.48 | BC17: 10 | BD17: =BE17*$N$35 -> 21.56 | BE17: =5.57+BK17 -> 10.78 | BF17: 2 | BG17: =BD17*BF17 -> 43.12 | BI17: 10 | BJ17: =BK17*$N$35 -> 10.42 | BK17: 5.21 | BL17: 2 | BM17: =BJ17*BL17 -> 20.84
A18: 11 | B18: =C18*$N$35 -> 252.96 | C18: =21.1+I18 -> 126.48 | D18: 4 | E18: =B18*D18 -> 1011.84 | G18: 11 | H18: =I18*$N$35 -> 210.76 | I18: =12.4+O18 -> 105.38 | J18: 4 | K18: =H18*J18 -> 843.04 | M18: 11 | N18: =O18*$N$35 -> 185.96 | O18: =11.77+U18 -> 92.98 | P18: 4 | Q18: =N18*P18 -> 743.84 | S18: 11 | T18: =U18*$N$35 -> 162.42 | U18: =11.77+AA18 -> 81.21 | V18: 4 | W18: =T18*V18 -> 649.68 | Y18: 11 | Z18: =AA18*$N$35 -> 138.88 | AA18: =11.77+AG18 -> 69.44 | AB18: 4 | AC18: =Z18*AB18 -> 555.52 | AE18: 11 | AF18: =AG18*$N$35 -> 115.34 | AG18: =11.77+AM18 -> 57.67 | AH18: 4 | AI18: =AF18*AH18 -> 461.36 | AK18: 11 | AL18: =AM18*$N$35 -> 91.8 | AM18: =11.77+AS18 -> 45.9 | AN18: 4 | AO18: =AL18*AN18 -> 367.2 | AQ18: 11 | AR18: =AS18*$N$35 -> 68.26 | AS18: =11.76+AY18 -> 34.13 | AT18: 4 | AU18: =AR18*AT18 -> 273.04 | AW18: 11 | AX18: =AY18*$N$35 -> 44.74 | AY18: =11.59+BE18 -> 22.37 | AZ18: 4 | BA18: =AX18*AZ18 -> 178.96 | BC18: 11 | BD18: =BE18*$N$35 -> 21.56 | BE18: =5.57+BK18 -> 10.78 | BF18: 4 | BG18: =BD18*BF18 -> 86.24 | BI18: 11 | BJ18: =BK18*$N$35 -> 10.42 | BK18: 5.21 | BL18: 4 | BM18: =BJ18*BL18 -> 41.68
A19: 12 | B19: =C19*$N$35 -> 252.96 | C19: =21.1+I19 -> 126.48 | D19: 2 | E19: =B19*D19 -> 505.92 | G19: 12 | H19: =I19*$N$35 -> 210.76 | I19: =12.4+O19 -> 105.38 | J19: 2 | K19: =H19*J19 -> 421.52 | M19: 12 | N19: =O19*$N$35 -> 185.96 | O19: =11.77+U19 -> 92.98 | P19: 2 | Q19: =N19*P19 -> 371.92 | S19: 12 | T19: =U19*$N$35 -> 162.42 | U19: =11.77+AA19 -> 81.21 | V19: 2 | W19: =T19*V19 -> 324.84 | Y19: 12 | Z19: =AA19*$N$35 -> 138.88 | AA19: =11.77+AG19 -> 69.44 | AB19: 2 | AC19: =Z19*AB19 -> 277.76 | AE19: 12 | AF19: =AG19*$N$35 -> 115.34 | AG19: =11.77+AM19 -> 57.67 | AH19: 2 | AI19: =AF19*AH19 -> 230.68 | AK19: 12 | AL19: =AM19*$N$35 -> 91.8 | AM19: =11.77+AS19 -> 45.9 | AN19: 2 | AO19: =AL19*AN19 -> 183.6 | AQ19: 12 | AR19: =AS19*$N$35 -> 68.26 | AS19: =11.76+AY19 -> 34.13 | AT19: 2 | AU19: =AR19*AT19 -> 136.52 | AW19: 12 | AX19: =AY19*$N$35 -> 44.74 | AY19: =11.59+BE19 -> 22.37 | AZ19: 2 | BA19: =AX19*AZ19 -> 89.48 | BC19: 12 | BD19: =BE19*$N$35 -> 21.56 | BE19: =5.57+BK19 -> 10.78 | BF19: 2 | BG19: =BD19*BF19 -> 43.12 | BI19: 12 | BJ19: =BK19*$N$35 -> 10.42 | BK19: 5.21 | BL19: 2 | BM19: =BJ19*BL19 -> 20.84
A20: 13 | B20: =C20*$N$35 -> 252.96 | C20: =21.1+I20 -> 126.48 | D20: 4 | E20: =B20*D20 -> 1011.84 | G20: 13 | H20: =I20*$N$35 -> 210.76 | I20: =12.4+O20 -> 105.38 | J20: 4 | K20: =H20*J20 -> 843.04 | M20: 13 | N20: =O20*$N$35 -> 185.96 | O20: =11.77+U20 -> 92.98 | P20: 4 | Q20: =N20*P20 -> 743.84 | S20: 13 | T20: =U20*$N$35 -> 162.42 | U20: =11.77+AA20 -> 81.21 | V20: 4 | W20: =T20*V20 -> 649.68 | Y20: 13 | Z20: =AA20*$N$35 -> 138.88 | AA20: =11.77+AG20 -> 69.44 | AB20: 4 | AC20: =Z20*AB20 -> 555.52 | AE20: 13 | AF20: =AG20*$N$35 -> 115.34 | AG20: =11.77+AM20 -> 57.67 | AH20: 4 | AI20: =AF20*AH20 -> 461.36 | AK20: 13 | AL20: =AM20*$N$35 -> 91.8 | AM20: =11.77+AS20 -> 45.9 | AN20: 4 | AO20: =AL20*AN20 -> 367.2 | AQ20: 13 | AR20: =AS20*$N$35 -> 68.26 | AS20: =11.76+AY20 -> 34.13 | AT20: 4 | AU20: =AR20*AT20 -> 273.04 | AW20: 13 | AX20: =AY20*$N$35 -> 44.74 | AY20: =11.59+BE20 -> 22.37 | AZ20: 4 | BA20: =AX20*AZ20 -> 178.96 | BC20: 13 | BD20: =BE20*$N$35 -> 21.56 | BE20: =5.57+BK20 -> 10.78 | BF20: 4 | BG20: =BD20*BF20 -> 86.24 | BI20: 13 | BJ20: =BK20*$N$35 -> 10.42 | BK20: 5.21 | BL20: 4 | BM20: =BJ20*BL20 -> 41.68
A21: 14 | B21: =C21*$N$35 -> 252.96 | C21: =21.1+I21 -> 126.48 | D21: 2 | E21: =B21*D21 -> 505.92 | G21: 14 | H21: =I21*$N$35 -> 210.76 | I21: =12.4+O21 -> 105.38 | J21: 2 | K21: =H21*J21 -> 421.52 | M21: 14 | N21: =O21*$N$35 -> 185.96 | O21: =11.77+U21 -> 92.98 | P21: 2 | Q21: =N21*P21 -> 371.92 | S21: 14 | T21: =U21*$N$35 -> 162.42 | U21: =11.77+AA21 -> 81.21 | V21: 2 | W21: =T21*V21 -> 324.84 | Y21: 14 | Z21: =AA21*$N$35 -> 138.88 | AA21: =11.77+AG21 -> 69.44 | AB21: 2 | AC21: =Z21*AB21 -> 277.76 | AE21: 14 | AF21: =AG21*$N$35 -> 115.34 | AG21: =11.77+AM21 -> 57.67 | AH21: 2 | AI21: =AF21*AH21 -> 230.68 | AK21: 14 | AL21: =AM21*$N$35 -> 91.8 | AM21: =11.77+AS21 -> 45.9 | AN21: 2 | AO21: =AL21*AN21 -> 183.6 | AQ21: 14 | AR21: =AS21*$N$35 -> 68.26 | AS21: =11.76+AY21 -> 34.13 | AT21: 2 | AU21: =AR21*AT21 -> 136.52 | AW21: 14 | AX21: =AY21*$N$35 -> 44.74 | AY21: =11.59+BE21 -> 22.37 | AZ21: 2 | BA21: =AX21*AZ21 -> 89.48 | BC21: 14 | BD21: =BE21*$N$35 -> 21.56 | BE21: =5.57+BK21 -> 10.78 | BF21: 2 | BG21: =BD21*BF21 -> 43.12 | BI21: 14 | BJ21: =BK21*$N$35 -> 10.42 | BK21: 5.21 | BL21: 2 | BM21: =BJ21*BL21 -> 20.84
A22: 15 | B22: =C22*$N$35 -> 253.04 | C22: =21.14+I22 -> 126.52 | D22: 4 | E22: =B22*D22 -> 1012.16 | G22: 15 | H22: =I22*$N$35 -> 210.76 | I22: =12.4+O22 -> 105.38 | J22: 4 | K22: =H22*J22 -> 843.04 | M22: 15 | N22: =O22*$N$35 -> 185.96 | O22: =11.77+U22 -> 92.98 | P22: 4 | Q22: =N22*P22 -> 743.84 | S22: 15 | T22: =U22*$N$35 -> 162.42 | U22: =11.77+AA22 -> 81.21 | V22: 4 | W22: =T22*V22 -> 649.68 | Y22: 15 | Z22: =AA22*$N$35 -> 138.88 | AA22: =11.77+AG22 -> 69.44 | AB22: 4 | AC22: =Z22*AB22 -> 555.52 | AE22: 15 | AF22: =AG22*$N$35 -> 115.34 | AG22: =11.77+AM22 -> 57.67 | AH22: 4 | AI22: =AF22*AH22 -> 461.36 | AK22: 15 | AL22: =AM22*$N$35 -> 91.8 | AM22: =11.77+AS22 -> 45.9 | AN22: 4 | AO22: =AL22*AN22 -> 367.2 | AQ22: 15 | AR22: =AS22*$N$35 -> 68.26 | AS22: =11.76+AY22 -> 34.13 | AT22: 4 | AU22: =AR22*AT22 -> 273.04 | AW22: 15 | AX22: =AY22*$N$35 -> 44.74 | AY22: =11.59+BE22 -> 22.37 | AZ22: 4 | BA22: =AX22*AZ22 -> 178.96 | BC22: 15 | BD22: =BE22*$N$35 -> 21.56 | BE22: =5.57+BK22 -> 10.78 | BF22: 4 | BG22: =BD22*BF22 -> 86.24 | BI22: 15 | BJ22: =BK22*$N$35 -> 10.42 | BK22: 5.21 | BL22: 4 | BM22: =BJ22*BL22 -> 41.68
A23: 16 | B23: =C23*$N$35 -> 240.96 | C23: =20.57+I23 -> 120.48 | D23: 2 | E23: =B23*D23 -> 481.92 | G23: 16 | H23: =I23*$N$35 -> 199.82 | I23: =11.94+O23 -> 99.91 | J23: 2 | K23: =H23*J23 -> 399.64 | M23: 16 | N23: =O23*$N$35 -> 175.94 | O23: =11.25+U23 -> 87.97 | P23: 2 | Q23: =N23*P23 -> 351.88 | S23: 16 | T23: =U23*$N$35 -> 153.44 | U23: =11.19+AA23 -> 76.72 | V23: 2 | W23: =T23*V23 -> 306.88 | Y23: 16 | Z23: =AA23*$N$35 -> 131.06 | AA23: =11.16+AG23 -> 65.53 | AB23: 2 | AC23: =Z23*AB23 -> 262.12 | AE23: 16 | AF23: =AG23*$N$35 -> 108.74 | AG23: =11.12+AM23 -> 54.37 | AH23: 2 | AI23: =AF23*AH23 -> 217.48 | AK23: 16 | AL23: =AM23*$N$35 -> 86.5 | AM23: =11.09+AS23 -> 43.25 | AN23: 2 | AO23: =AL23*AN23 -> 173 | AQ23: 16 | AR23: =AS23*$N$35 -> 64.32 | AS23: =11.05+AY23 -> 32.16 | AT23: 2 | AU23: =AR23*AT23 -> 128.64 | AW23: 16 | AX23: =AY23*$N$35 -> 42.22 | AY23: =10.89+BE23 -> 21.11 | AZ23: 2 | BA23: =AX23*AZ23 -> 84.44 | BC23: 16 | BD23: =BE23*$N$35 -> 20.44 | BE23: =5.27+BK23 -> 10.22 | BF23: 2 | BG23: =BD23*BF23 -> 40.88 | BI23: 16 | BJ23: =BK23*$N$35 -> 9.9 | BK23: 4.95 | BL23: 2 | BM23: =BJ23*BL23 -> 19.8
A24: 17 | B24: =C24*$N$35 -> 213.82 | C24: =18.58+I24 -> 106.91 | D24: 4 | E24: =B24*D24 -> 855.28 | G24: 17 | H24: =I24*$N$35 -> 176.66 | I24: =10.66+O24 -> 88.33 | J24: 4 | K24: =H24*J24 -> 706.64 | M24: 17 | N24: =O24*$N$35 -> 155.34 | O24: =9.97+U24 -> 77.67 | P24: 4 | Q24: =N24*P24 -> 621.36 | S24: 17 | T24: =U24*$N$35 -> 135.4 | U24: =9.87+AA24 -> 67.7 | V24: 4 | W24: =T24*V24 -> 541.6 | Y24: 17 | Z24: =AA24*$N$35 -> 115.66 | AA24: =9.81+AG24 -> 57.83 | AB24: 4 | AC24: =Z24*AB24 -> 462.64 | AE24: 17 | AF24: =AG24*$N$35 -> 96.04 | AG24: =9.78+AM24 -> 48.02 | AH24: 4 | AI24: =AF24*AH24 -> 384.16 | AK24: 17 | AL24: =AM24*$N$35 -> 76.48 | AM24: =9.76+AS24 -> 38.24 | AN24: 4 | AO24: =AL24*AN24 -> 305.92 | AQ24: 17 | AR24: =AS24*$N$35 -> 56.96 | AS24: =9.73+AY24 -> 28.48 | AT24: 4 | AU24: =AR24*AT24 -> 227.84 | AW24: 17 | AX24: =AY24*$N$35 -> 37.5 | AY24: =9.62+BE24 -> 18.75 | AZ24: 4 | BA24: =AX24*AZ24 -> 150 | BC24: 17 | BD24: =BE24*$N$35 -> 18.26 | BE24: =4.71+BK24 -> 9.13 | BF24: 4 | BG24: =BD24*BF24 -> 73.04 | BI24: 17 | BJ24: =BK24*$N$35 -> 8.84 | BK24: 4.42 | BL24: 4 | BM24: =BJ24*BL24 -> 35.36
A25: 18 | B25: =C25*$N$35 -> 150.76 | C25: =13.29+I25 -> 75.38 | D25: 2 | E25: =B25*D25 -> 301.52 | G25: 18 | H25: =I25*$N$35 -> 124.18 | I25: =7.52+O25 -> 62.09 | J25: 2 | K25: =H25*J25 -> 248.36 | M25: 18 | N25: =O25*$N$35 -> 109.14 | O25: =7.02+U25 -> 54.57 | P25: 2 | Q25: =N25*P25 -> 218.28 | S25: 18 | T25: =U25*$N$35 -> 95.1 | U25: =6.94+AA25 -> 47.55 | V25: 2 | W25: =T25*V25 -> 190.2 | Y25: 18 | Z25: =AA25*$N$35 -> 81.22 | AA25: =6.89+AG25 -> 40.61 | AB25: 2 | AC25: =Z25*AB25 -> 162.44 | AE25: 18 | AF25: =AG25*$N$35 -> 67.44 | AG25: =6.87+AM25 -> 33.72 | AH25: 2 | AI25: =AF25*AH25 -> 134.88 | AK25: 18 | AL25: =AM25*$N$35 -> 53.7 | AM25: =6.85+AS25 -> 26.85 | AN25: 2 | AO25: =AL25*AN25 -> 107.4 | AQ25: 18 | AR25: =AS25*$N$35 -> 40 | AS25: =6.83+AY25 -> 20 | AT25: 2 | AU25: =AR25*AT25 -> 80 | AW25: 18 | AX25: =AY25*$N$35 -> 26.34 | AY25: =6.77+BE25 -> 13.17 | AZ25: 2 | BA25: =AX25*AZ25 -> 52.68 | BC25: 18 | BD25: =BE25*$N$35 -> 12.8 | BE25: =3.32+BK25 -> 6.4 | BF25: 2 | BG25: =BD25*BF25 -> 25.6 | BI25: 18 | BJ25: =BK25*$N$35 -> 6.16 | BK25: 3.08 | BL25: 2 | BM25: =BJ25*BL25 -> 12.32
A26: 19 | B26: =C26*$N$35 -> 66.6 | C26: =7.62+I26 -> 33.3 | D26: 4 | E26: =B26*D26 -> 266.4 | G26: 19 | H26: =I26*$N$35 -> 51.36 | I26: =3.8+O26 -> 25.68 | J26: 4 | K26: =H26*J26 -> 205.44 | M26: 19 | N26: =O26*$N$35 -> 43.76 | O26: =3.28+U26 -> 21.88 | P26: 4 | Q26: =N26*P26 -> 175.04 | S26: 19 | T26: =U26*$N$35 -> 37.2 | U26: =3.07+AA26 -> 18.6 | V26: 4 | W26: =T26*V26 -> 148.8 | Y26: 19 | Z26: =AA26*$N$35 -> 31.06 | AA26: =2.93+AG26 -> 15.53 | AB26: 4 | AC26: =Z26*AB26 -> 124.24 | AE26: 19 | AF26: =AG26*$N$35 -> 25.2 | AG26: =2.85+AM26 -> 12.6 | AH26: 4 | AI26: =AF26*AH26 -> 100.8 | AK26: 19 | AL26: =AM26*$N$35 -> 19.5 | AM26: =2.81+AS26 -> 9.75 | AN26: 4 | AO26: =AL26*AN26 -> 78 | AQ26: 19 | AR26: =AS26*$N$35 -> 13.88 | AS26: =2.73+AY26 -> 6.94 | AT26: 4 | AU26: =AR26*AT26 -> 55.52 | AW26: 19 | AX26: =AY26*$N$35 -> 8.42 | AY26: =2.48+BE26 -> 4.21 | AZ26: 4 | BA26: =AX26*AZ26 -> 33.68 | BC26: 19 | BD26: =BE26*$N$35 -> 3.46 | BE26: =1.03+BK26 -> 1.73 | BF26: 4 | BG26: =BD26*BF26 -> 13.84 | BI26: 19 | BJ26: =BK26*$N$35 -> 1.4 | BK26: 0.7 | BL26: 4 | BM26: =BJ26*BL26 -> 5.6
A27: FP | B27: =C27*$N$35 -> 0 | C27: 0 | D27: 1 | E27: =B27*D27 -> 0 | G27: FP | H27: =I27*$N$35 -> 0 | I27: 0 | J27: 1 | K27: =H27*J27 -> 0 | M27: FP | N27: =O27*$N$35 -> 0 | O27: 0 | P27: 1 | Q27: =N27*P27 -> 0 | S27: FP | T27: =U27*$N$35 -> 0 | U27: 0 | V27: 1 | W27: =T27*V27 -> 0 | Y27: FP | Z27: =AA27*$N$35 -> 0 | AA27: 0 | AB27: 1 | AC27: =Z27*AB27 -> 0 | AE27: FP | AF27: =AG27*$N$35 -> 0 | AG27: 0 | AH27: 1 | AI27: =AF27*AH27 -> 0 | AK27: FP | AL27: =AM27*$N$35 -> 0 | AM27: 0 | AN27: 1 | AO27: =AL27*AN27 -> 0 | AQ27: FP | AR27: =AS27*$N$35 -> 0 | AS27: 0 | AT27: 1 | AU27: =AR27*AT27 -> 0 | AW27: FP | AX27: =AY27*$N$35 -> 0 | AY27: 0 | AZ27: 1 | BA27: =AX27*AZ27 -> 0 | BC27: FP | BD27: =BE27*$N$35 -> 0 | BE27: =0+BK27 -> 0 | BF27: 1 | BG27: =BD27*BF27 -> 0 | BI27: FP | BJ27: =BK27*$N$35 -> 0 | BK27: 0 | BL27: 1 | BM27: =BJ27*BL27 -> 0
A28: ∑ A x Fs | D28: =SUM(E5:E27) -> 12296.976 | G28: ∑ A x Fs | J28: =SUM(K5:K27) -> 10081.824 | M28: ∑ A x Fs | P28: =SUM(Q5:Q27) -> 8810.035 | S28: ∑ A x Fs | V28: =SUM(W5:W27) -> 7637.222 | Y28: ∑ A x Fs | AB28: =SUM(AC5:AC27) -> 6490.18 | AE28: ∑ A x Fs | AH28: =SUM(AI5:AI27) -> 5361.22 | AK28: ∑ A x Fs | AN28: =SUM(AO5:AO27) -> 4244.5 | AQ28: ∑ A x Fs | AT28: =SUM(AU7:AU27) -> 3137.2 | AW28: ∑ A x Fs | AZ28: =SUM(BA7:BA27) -> 2041 | BC28: ∑ A x Fs | BF28: =SUM(BG7:BG27) -> 972 | BI28: ∑ A x Fs | BL28: =SUM(BM7:BM27) -> 463.24
A29: V Displacement | D29: =1/3*D28*N33 -> 28662.202 | G29: V Displacement | J29: =1/3*J28*N33 -> 23499.051 | M29: V Displacement | P29: =1/3*P28*N33 -> 20534.723 | S29: V Displacement | V29: =1/3*V28*N33 -> 17801.092 | Y29: V Displacement | AB29: =1/3*AB28*N33 -> 15127.528 | AE29: V Displacement | AH29: =1/3*AH28*N33 -> 12496.11 | AK29: V Displacement | AN29: =1/3*AN28*N33 -> 9893.2221 | AQ29: V Displacement | AT29: =1/3*AT28*N33 -> 7312.2903 | AW29: V Displacement | AZ29: =1/3*AZ28*N33 -> 4757.2308 | BC29: V Displacement | BF29: =1/3*BF28*N33 -> 2265.57 | BI29: V Displacement | BL29: =1/3*BL28*N33 -> 1079.7352
A30: Displacement | D30: =D29*N34 -> 29378.757 | G30: Displacement | J30: =J29*N34 -> 24086.528 | M30: Displacement | P30: =P29*N34 -> 21048.091 | S30: Displacement | V30: =V29*N34 -> 18246.119 | Y30: Displacement | AB30: =AB29*N34 -> 15505.716 | AE30: Displacement | AH30: =AH29*N34 -> 12808.513 | AK30: Displacement | AN30: =AN29*N34 -> 10140.553 | AQ30: Displacement | AT30: =AT29*N34 -> 7495.0976 | AW30: Displacement | AZ30: =AZ29*N34 -> 4876.1616 | BC30: Displacement | BF30: =BF29*N34 -> 2322.2092 | BI30: Displacement | BL30: =BL29*N34 -> 1106.7286
M32: lpp | N32: 139.85
A33: Main Deck | M33: h lpp | N33: =N32/20 -> 6.9925
M34: ρ air laut | N34: 1.025
A35: Station | B35: Area | C35: Area/2 | D35: Fs | E35: A x Fs | N35: 2
A36: -2 | B36: 0 | C36: 0 | D36: 0.3 | E36: =C36*D36 -> 0
A37: -1 | B37: =C37*$N$35 -> 5.3 | C37: =2.65+I37 -> 2.65 | D37: 1.2 | E37: =C37*D37 -> 3.18
A38: AP | B38: =C38*$N$35 -> 8.1 | C38: =4.05+I38 -> 4.05 | D38: 1.3 | E38: =B38*D38 -> 10.53
A39: 1 | B39: =C39*$N$35 -> 13.2 | C39: =6.6+I39 -> 6.6 | D39: 4 | E39: =B39*D39 -> 52.8
A40: 2 | B40: =C40*$N$35 -> 17.82 | C40: =8.91+I40 -> 8.91 | D40: 2 | E40: =B40*D40 -> 35.64
A41: 3 | B41: =C41*$N$35 -> 21.22 | C41: =10.61+I41 -> 10.61 | D41: 4 | E41: =B41*D41 -> 84.88
A42: 4 | B42: =C42*$N$35 -> 23.42 | C42: =11.71+I42 -> 11.71 | D42: 2 | E42: =B42*D42 -> 46.84
A43: 5 | B43: =C43*$N$35 -> 24.28 | C43: =12.14+I43 -> 12.14 | D43: 4 | E43: =B43*D43 -> 97.12
A44: 6 | B44: =C44*$N$35 -> 24.5 | C44: =12.25+I44 -> 12.25 | D44: 2 | E44: =B44*D44 -> 49
A45: 7 | B45: =C45*$N$35 -> 24.72 | C45: =12.36+I45 -> 12.36 | D45: 4 | E45: =B45*D45 -> 98.88
A46: 8 | B46: =C46*$N$35 -> 24.8 | C46: =12.4+I46 -> 12.4 | D46: 2 | E46: =B46*D46 -> 49.6
A47: 9 | B47: =C47*$N$35 -> 24.8 | C47: =12.4+I47 -> 12.4 | D47: 4 | E47: =B47*D47 -> 99.2
A48: 10 | B48: =C48*$N$35 -> 24.8 | C48: =12.4+I48 -> 12.4 | D48: 2 | E48: =B48*D48 -> 49.6
A49: 11 | B49: =C49*$N$35 -> 24.8 | C49: =12.4+I49 -> 12.4 | D49: 4 | E49: =B49*D49 -> 99.2
A50: 12 | B50: =C50*$N$35 -> 24.8 | C50: =12.4+I50 -> 12.4 | D50: 2 | E50: =B50*D50 -> 49.6
A51: 13 | B51: =C51*$N$35 -> 24.8 | C51: =12.4+I51 -> 12.4 | D51: 4 | E51: =B51*D51 -> 99.2
A52: 14 | B52: =C52*$N$35 -> 24.8 | C52: =12.4+I52 -> 12.4 | D52: 2 | E52: =B52*D52 -> 49.6
A53: 15 | B53: =C53*$N$35 -> 24.8 | C53: =12.4+I53 -> 12.4 | D53: 4 | E53: =B53*D53 -> 99.2
A54: 16 | B54: =C54*$N$35 -> 23.88 | C54: =11.94+I54 -> 11.94 | D54: 2 | E54: =B54*D54 -> 47.76
A55: 17 | B55: =C55*$N$35 -> 21.32 | C55: =10.66+I55 -> 10.66 | D55: 4 | E55: =B55*D55 -> 85.28
A56: 18 | B56: =C56*$N$35 -> 15.04 | C56: =7.52+I56 -> 7.52 | D56: 2 | E56: =B56*D56 -> 30.08
A57: 19 | B57: =C57*$N$35 -> 7.6 | C57: =3.8+I57 -> 3.8 | D57: 4 | E57: =B57*D57 -> 30.4
A58: FP | B58: =C58*$N$35 -> 0 | C58: 0 | D58: 1 | E58: =B58*D58 -> 0
A59: ∑ A x Fs | D59: =SUM(E36:E58) -> 1267.59
A60: V Displacement | D60: =1/3*D59*N33 -> 2954.541
A61: Displacement | D61: =D60*N34 -> 3028.4046

Sheet GT
I5: 247.18
I6: 264.04
H14: 2954.541 | P14: 42.98
P15: 66.8
F16: 23499.051

Sheet DOC 1 ATTACH
A1: Detail of Calculation on Ship Resistance
A3: Type of Ship | G3: OIL TANKER
A4: LPP | G4: =HOLTROP!G4 -> 137 | H4: m
A5: LWL | G5: =HOLTROP!G5 -> 142.48 | H5: m
A6: B | G6: =HOLTROP!G6 -> 23.7 | H6: m
A7: H | G7: =HOLTROP!G7 -> 13.34 | H7: m
A8: T | G8: =HOLTROP!G8 -> 9.947 | H8: m | J8: Lpp(B+T)+ 0.85 Lpp(H-T)+0.85{(L1.h1)+0.75(L2.h2)}
A9: Vs | G9: =HOLTROP!G9 -> 16 | H9: knot
A10: Cb | G10: =HOLTROP!G10 -> 0.68
A11: Cm | G11: =HOLTROP!G11 -> 0.982
A12: Cp | G12: =HOLTROP!G12 -> 0.69
A13: Volume Displacement | G13: =G27 -> 22401.14 | H13: m3
K14: =G5*G6*G8*G10 -> 22840.378 | M14: =K14-G27 -> 439.23803
A16: Using Data From Design 1
A18: Cb | G18: =G10 -> 0.68
A19: Cm | G19: =G11 -> 0.982 | K19: B/T = | L19: =G6/G8 -> 2.3826279
A20: Cp | G20: =G12 -> 0.69
A21: Am | G21: =G19*G6*G8 -> 231.50051
A22: L Displacement | G22: =1/2*(G4+G5) -> 139.74 | H22: m | K22: 3.28084
G23: =G22*3.28084 -> 458.46458 | H23: ft
A24: Speed Length Ratio | G24: =G9/G23^(1/2) -> 0.747252
A26: Am | G26: =G19*G6*G8 -> 231.50051 | H26: m² | M26: =K28/17500 -> 0.31206676
A27: Volume Displacement | G27: =G18*G22*G6*G8 -> 22401.14 | H27: m3
A28: Displacement Weight | G28: =G27*1.025 -> 22961.168 | H28: ton | J28: lwt = | K28: =G28-17500 -> 5461.1683
A29: Wetted Surface (S) | G29: =1.025*G4*((G10*G6)+(1.7*G8)) -> 4637.662 | H29: m²
A30: Faktor Bentuk (K) | G30: =19*(G10*(G6/G5))^2 -> 0.2430862
A32: LCB | G32: 0.005
A33: Assumptions
A35: Sea Water Temp (Standart Indonesian Sea Temperature) | G35: 25 | H35: ⁰C
A36: Viscosity Kinematics | G36: 8.93e-07
A37: Density of sea water | G37: 1.025 | H37: ton/m3
A47: HOLTROP EQUATION:
A52: Holtrop Limitation
A53: Fn <= | B53: 1
A54: Cp = | B54: 0.785
A55: B/T = | B55: =G6/G8 -> 2.3826279
A56: L/B = | B56: =G5/G6 -> 6.0118143
A58: Froude Number
A61: Requirements for Holtrop calculations are Success
A62: Because There is no Froude Number that exceeds the value of 1
A63: Speed | B63: Vs | D63: Froude Number
B64: knot | C64: m/s
A65: Vs + 1 | B65: =$G$9+1 -> 17 | C65: =B65*0.514 -> 8.738 | D65: =C65/(9.8*$G$5)^(1/2) -> 0.23384175
A66: Vs | B66: =$G$9-0 -> 16 | C66: =B66*0.514 -> 8.224 | D66: =C66/(9.8*$G$5)^(1/2) -> 0.22008635
A67: Vs - 1 | B67: =$G$9-1 -> 15 | C67: =B67*0.514 -> 7.71 | D67: =C67/(9.8*$G$5)^(1/2) -> 0.20633095
A68: Vs - 2 | B68: =$G$9-2 -> 14 | C68: =B68*0.514 -> 7.196 | D68: =C68/(9.8*$G$5)^(1/2) -> 0.19257556
A69: Vs - 3 | B69: =$G$9-3 -> 13 | C69: =B69*0.514 -> 6.682 | D69: =C69/(9.8*$G$5)^(1/2) -> 0.17882016
A70: Vs - 4 | B70: =$G$9-4 -> 12 | C70: =B70*0.514 -> 6.168 | D70: =C70/(9.8*$G$5)^(1/2) -> 0.16506476
A71: Vs - 5 | B71: =$G$9-5 -> 11 | C71: =B71*0.514 -> 5.654 | D71: =C71/(9.8*$G$5)^(1/2) -> 0.15130937
A74: Reynold Number
A75: Calculation of Reynold Number
A78: vk is Viscocity Kinematics = 0,000000893
A79: Speed | B79: Vs | D79: Reynolds Number
B80: knot | C80: m/s
A81: Vs + 1 | B81: =$G$9+1 -> 17 | C81: =B81*0.514 -> 8.738 | D81: =C81*$G$5/$G$36 -> 1.394166e+09
A82: Vs | B82: =$G$9-0 -> 16 | C82: =B82*0.514 -> 8.224 | D82: =C82*$G$5/$G$36 -> 1.3121562e+09
A83: Vs - 1 | B83: =$G$9-1 -> 15 | C83: =B83*0.514 -> 7.71 | D83: =C83*$G$5/$G$36 -> 1.2301465e+09
A84: Vs - 2 | B84: =$G$9-2 -> 14 | C84: =B84*0.514 -> 7.196 | D84: =C84*$G$5/$G$36 -> 1.1481367e+09
A85: Vs - 3 | B85: =$G$9-3 -> 13 | C85: =B85*0.514 -> 6.682 | D85: =C85*$G$5/$G$36 -> 1.0661269e+09
A86: Vs - 4 | B86: =$G$9-4 -> 12 | C86: =B86*0.514 -> 6.168 | D86: =C86*$G$5/$G$36 -> 9.8411718e+08
A87: Vs - 5 | B87: =$G$9-5 -> 11 | C87: =B87*0.514 -> 5.654 | D87: =C87*$G$5/$G$36 -> 9.0210741e+08
A91: 1. Calculation Form Factor (1+k1)
A96: a. Calculation of Lr
A100: LR = | B100: =G5*(1-G12+(0.06*G12*G32)/(4*G12-1)) -> 44.185558
A102: b. Calculation of C14
A103: C Stern = | B103: -8
A105: C14 = | B105: 1+0,011Cstern
A106: = | B106: =1+(0.011*B103) -> 0.912
A108: c. Calculation of Form Factor
A113: 1+k1 = | B113: =0.93+(0.487118*B106*(G6/G5)^(1.06806)*(G8/G5)^(0.46106)*(G5/B100)^(0.121563)*(G5^3/G13)^(0.36486)/(1-G12)^0.604247) -> 1.1942175
A115: 2. Calculation of Wetted Surface Area
A117: Cbwl = | B117: (Lpp x Cb)/Lwl
A118: = | B118: =(G4*G10)/G5 -> 0.65384615
A120: Cwp = | B120: 0,248+0,778 Cbwl | D120: =G21/G5/G6 -> 0.068556668
A121: = | B121: =0.248+(0.778*B118) -> 0.75669231
G122: *ABT = 0 BecauseThis ship doesn’t have Bulbuos Bow
A124: S = | B124: =G5*(2*G8+G6)*(G11^0.5)*(0.453+0.4425*G10-0.2862*G11-0.003467*G6/G8+0.3696*B121)+2.38*(0/G10) -> 4581.0357
A126: 3. Calculation of Additional Resistance (Rapp)
A128: a. Additional Resistance for WSA
A131: Sapp = | B131: =(2*G5*G8/100)*(1+25*(G6/G5)^2) -> 47.951689
A133: b. Calculation For 1+K2
A134: 1+K2 for rudder behind the stern = | C134: 1.5
A136: c. Additional Resistance Calculation
A139: Speed | B139: V | D139: Cf | E139: Added Rapp
B140: knot | C140: m/s
A141: Vs + 1 | B141: =$G$9+1 -> 17 | C141: =B141*0.514 -> 8.738 | D141: =0.075/(LOG10(D81)-2)^2 -> 0.0014694003 | E141: =0.5*1.025*(C141^2)*$B$131*($C$134)*D141 -> 4.1357403
A142: Vs | B142: =$G$9-0 -> 16 | C142: =B142*0.514 -> 8.224 | D142: =0.075/(LOG10(D82)-2)^2 -> 0.0014802909 | E142: =0.5*1.025*C142^2*$B$131*($C$134)*D142 -> 3.6906453
A143: Vs - 1 | B143: =$G$9-1 -> 15 | C143: =B143*0.514 -> 7.71 | D143: =0.075/(LOG10(D83)-2)^2 -> 0.0014920181 | E143: =0.5*1.025*C143^2*$B$131*($C$134)*D143 -> 3.2694288
A144: Vs - 2 | B144: =$G$9-2 -> 14 | C144: =B144*0.514 -> 7.196 | D144: =0.075/(LOG10(D84)-2)^2 -> 0.0015047094 | E144: =0.5*1.025*C144^2*$B$131*($C$134)*D144 -> 2.8722616
A145: Vs - 3 | B145: =$G$9-3 -> 13 | C145: =B145*0.514 -> 6.682 | D145: =0.075/(LOG10(D85)-2)^2 -> 0.001518523 | E145: =0.5*1.025*C145^2*$B$131*($C$134)*D145 -> 2.4993286
A146: Vs - 4 | B146: =$G$9-4 -> 12 | C146: =B146*0.514 -> 6.168 | D146: =0.075/(LOG10(D86)-2)^2 -> 0.0015336575 | E146: =0.5*1.025*C146^2*$B$131*($C$134)*D146 -> 2.1508304
A147: Vs - 5 | B147: =$G$9-5 -> 11 | C147: =B147*0.514 -> 5.654 | D147: =0.075/(LOG10(D87)-2)^2 -> 0.0015503678 | E147: =0.5*1.025*C147^2*$B$131*($C$134)*D147 -> 1.8269867
A149: 4. Calculation of Wave Resistance
A151: a. Calculation of C7
A152: C7 = | B152: B/L
A153: = | B153: =G6/G5 -> 0.16633914
A155: b. Calculation of iE
D157: Sudut masuk | E157: 25.5251
A166: iE = | B166: =0.5*E157 -> 12.76255
A169: c. Calculation of C1
...

Sheet DOC 2 ATTACH
A1: Calculation of Gross Tonnage, Amount of Crew, Fresh Water, Fuel Oil and Lubricants
B3: SHIP DATA
B4: Name : MV. Minyak
B5: Type : Oil Tanker
B7: LPP | D7: = | E7: =HOLTROP!G4 -> 137 | G7: m | I7: Main Engine Power | N7: = | O7: =E109 -> 8400 | Q7: kW
B8: LWL | D8: = | E8: =HOLTROP!G5 -> 142.48 | G8: m | I8: Volume Disp | N8: = | O8: =HOLTROP!G13 -> 22401.14 | Q8: m3
B9: Ldisp | D9: = | E9: =(E8+E7)/2 -> 139.74 | G9: m | I9: Endurance | N9: = | O9: 3 | Q9: days
B10: B | D10: = | E10: =HOLTROP!G6 -> 23.7 | G10: m | I10: Displacement | N10: = | O10: =1.025*O8 -> 22961.168 | Q10: ton
B11: H | D11: = | E11: =HOLTROP!G7 -> 13.34 | G11: m | I11: Weight Tonnage | N11: = | O11: =H194 -> 840.45309 | Q11: ton
B12: T | D12: = | E12: =HOLTROP!G8 -> 9.947 | G12: m
B13: Vs | D13: = | E13: =HOLTROP!G9 -> 16 | G13: Knot
B14: Cb | D14: = | E14: =HOLTROP!G10 -> 0.68
B15: Cp | D15: = | E15: =HOLTROP!G12 -> 0.69
B16: L Main Deck | D16: = | E16: 144.4434 | G16: m
A18: A. Calculation of Gross Tonnage
B20: 1. Calculation of the Volume Displacement below WL
C21: Using Simpson rules from Design 2:
C22: Vol | D22: = | E22: LWL * B * T * Cb | J22: m3
D23: = | E23: =E8 *E10 *E12 *E14 -> 22840.378 | J23: m^3
B25: 2. Calculation volume displacement from LWL until main deck
C26: Using Simpson rules:
C27: Vol | D27: = | E27: Lmain * B * (H-T) * Cb
E28: =E16 * E10 * (E11-E12) *E14 -> 7898.3945 | H28: m3
B30: 3. Calculation volume of the poop deck
C31: wl | D31: Area | I31: Fs | L31: A x Fs
C32: =E12 -> 9.947 | D32: 209.0116 | I32: 0.5 | J32: 1 | L32: =D32*I32 -> 104.5058 | M32: =D32*J32 -> 209.0116
J33: 4 | M33: =D33*J33 -> 0
C34: =E11 -> 13.34 | D34: 264.04 | I34: 0.5 | J34: 1 | L34: =D34*I34 -> 132.02 | M34: =D34*J34 -> 264.04
H35: Total | L35: =SUM(L32:L34) -> 236.5258 | M35: =SUM(M32:M34) -> 473.0516
H36: Volume | L36: = | M36: h x Total
L37: = | M37: =(C34-C32)*L35 -> 802.53204 | P37: m3
B39: 4. Calculation volume of the forecastle deck
C40: wl | D40: Area | H40: Fs | L40: A x Fs
C41: 9.947 | D41: 42.98 | H41: 0.5 | L41: =D41*H41 -> 21.49
C42: 13.34 | D42: 66.8 | H42: 0.5 | L42: =D42*H42 -> 33.4
H43: Total | L43: =SUM(L41:N42) -> 54.89
H44: Volume | L44: = | M44: h x Total
L45: = | M45: =2.5*L43 -> 137.225 | P45: m3
B47: 5. Calculation volume of superstructure
B48: wl | E48: Area | H48: t | J48: volume
B49: Main deck | E49: =179.22*2 -> 358.44 | H49: 2.4 | J49: =E49*H49 -> 860.256
B50: boat | E50: =165.9*2 -> 331.8 | H50: 2.4 | J50: =E50*H50 -> 796.32
B51: bridge | E51: =151.65*2 -> 303.3 | H51: 2.4 | J51: =E51*H51 -> 727.92
B52: navigation | E52: =120.58*2 -> 241.16 | H52: 2.4 | J52: =E52*H52 -> 578.784
E53: Total Volume = | I53: =SUM(J49:K52) -> 2963.28 | K53: m3
B55: 6. Total value of the volume in ship
C56: V | D56: = | E56: =E28+M37+M45+I53+E23 -> 34641.809 | H56: m3
B58: 7. Calculation of the gross tonnage
C59: Based on International convention of tonnage measurement of ships, annex 1 reg 3, the formula to find GT is mentioned below:
C61: K1 | D61: = | E61: 0.2 + 0.02 log10 V
D62: = | E62: =0.2+0.02*(LOG(10*E56)) -> 0.31079201
C64: As it mentioned before, that the volume, included in GT calculation are volume of displacement, volume of freeboard and superstructure volume
C66: GT | D66: = | E66: K1 x V
D67: = | E67: =E62*E56 -> 10766.398
C69: GT is used for knowing the amount of crew, not only GT, but also the power of the ship is considered to calculate the amount of crew. Ship Main Engine power is 8400 KW
C87: According to KM 70 tahun 1998, the amount of crew is stated below, with 1 crew extra added as the third engineer.
C90: Deck and Service Deptartment | L90: Engine Department
C91: No | D91: CREW | G91: Amount | L91: 11 | M91: Chief Engineer | P91: 1
C92: 1 | D92: Master | G92: 1 | L92: 12 | M92: 2nd Engineer | P92: 1
C93: 2 | D93: Chief Officer | G93: 1 | L93: 13 | M93: 3rd Engineer | P93: 1
C94: 3 | D94: 2nd Officer | G94: 1 | L94: 14 | M94: 4 Engineer | P94: 0
C95: 4 | D95: 3rd Officer | G95: 0 | L95: 15 | M95: Eng. Foreman | P95: 1
C96: 5 | D96: Radio Officer | G96: 1 | L96: 16 | M96: Oiler | P96: 3
C97: 6 | D97: Boatswain | G97: 1 | L97: 17 | M97: Wiper | P97: 1
C98: 7 | D98: Quarter Master | G98: 3 | M98: SUM | P98: =SUM(P91:Q97) -> 8
C99: 8 | D99: Sailor | G99: 1
C100: 9 | D100: Cook | G100: 1
C101: 10 | D101: Mess Boy | G101: 1
C102: 11 | D102: Medicine | G102: 1
D103: SUM | G103: =SUM(G92:H102) -> 12
C105: The total number of crew in MV. Minyak are | O105: =G103+P98 -> 20 | P105: crews
A107: Main Data Required to Calculate the Consumption Mass
D109: BHPME = | E109: 8400 | G109: kW
D110: bME = | E110: 183.4 | G110: g/kWh
D111: bLO = | E111: 0.7 | G111: g/kWh
D113: Product= | E113: Crude Oil
D114: Route= | E114: Singapore (Pulau Bukom) - Tokyo
D115: S= | E115: 2910 | G115: Nautical Mile
D116: Vs= | E116: =HOLTROP!G9 -> 16 | G116: knot | O116: 260.84615
D117: t= | E117: =E115/E116 -> 181.875 | G117: hours
D118: C= | E118: 1.4 | G118: Options Correction (1,3-1,5)
D119: Crew = | E119: =O105 -> 20 | F119: persons
A121: B. Calculation of Consumable Mass
B123: 1. Main Engine Fuel Oil Tank
C124: Weight of MDO for engine is depended on endurance of the ship. The value
C125: of SFOC is known from the project guide of the ship. And the density of the ship
C126: is also known from the project guide of the engine. The calculation is :
C127: WMDO =
D128: = | E128: BHPmcr * SFOC * (S/Vs) * 10^-6 * C
D129: = | E129: =E109 * E110 * (E115/E116) * E118 *10^-6 -> 392.26509 | H129: ton
C131: VMDO | D131: = | E131: WMDO/ | L131: the density of MDO | P131: = | Q131: 0.95 | S131: ton/m3
D132: = | E132: =E129/Q131 -> 412.91062 | H132: m3
C134: There will be an additional tank volume about 2% because
C135: of the double bottom and other 2% because of the heat expansion. So, the
C136: MDO tank capacity value :
C137: VMDO' | E137: VMDO + 2% VMDO
D138: = | E138: =E132*1.02 -> 421.16883 | H138: m3
C140: VMDO’' | E140: VMDO’ + 2% VMDO’
D141: = | E141: =E138*1.02 -> 429.59221 | H141: m3
B142: 2. Marine Diesel Oil Tank (For Auxilliary Engine)
...

Sheet DOC 3 ATTACH
A1: TANK CAPACITY AND PAYLOAD
B3: SHIP DATA
B4: Name : MV. Minyak
B5: Type : Oil Tanker
B7: LPP | D7: = | E7: =HOLTROP!G4 -> 137 | G7: m | I7: Main Engine Power | N7: = | O7: 8400 | Q7: kW
B8: LWL | D8: = | E8: =HOLTROP!G5 -> 142.48 | G8: m | I8: Volume Disp | N8: = | O8: =HOLTROP!G13 -> 22401.14 | Q8: m3
B9: Ldisp | D9: = | E9: =(E8+E7)/2 -> 139.74 | G9: m | I9: Endurance | N9: = | O9: 10 | Q9: days
B10: B | D10: = | E10: =HOLTROP!G6 -> 23.7 | G10: m | I10: Displacement | N10: = | O10: =1.026*O8 -> 22983.569 | Q10: ton
B11: H | D11: = | E11: =HOLTROP!G7 -> 13.34 | G11: m | I11: W. Total of Consumable | N11: = | O11: ='DOC 2 ATTACH'!H194 -> 840.45309 | Q11: ton
B12: T | D12: = | E12: =HOLTROP!G8 -> 9.947 | G12: m
B13: Vs | D13: = | E13: =HOLTROP!G9 -> 16 | G13: Knot
B14: Cb | D14: = | E14: =HOLTROP!G10 -> 0.68
B15: Cp | D15: = | E15: =HOLTROP!G12 -> 0.69
B16: Cm | D16: = | E16: =HOLTROP!G11 -> 0.982
A18: A. LWT Calculation
B20: 1. Ship Steel Weight
B21: The calculation of ship steel weight based on the formula from Watson, RINA(Practical Ship Design, DGM Watson):
B24: E(Llyod's equipment num) = Lpp(B+T)+ 0.85 Lpp(H-T)+0.85{(L1.h1)+0.75(L2.h2)}
B26: In which: | E26: L1 | F26: = | G26: Forecastle deck length | L26: = | M26: 15 | O26: m
E27: h1 | F27: = | G27: Forecastle height | L27: = | M27: 2.5 | O27: m
E28: L2 | F28: = | G28: Poopdeck length | L28: = | M28: 30.68 | O28: m
E29: h2 | F29: = | G29: Poopdeck height | L29: = | M29: 2.5 | O29: m
B31: So, the value of E | F31: = | G31: =(E7*(E10+E12))+(0.85*E7*(E11-E12))+0.85*((M26*M27)+0.75*(M28*M29)) -> 5085.5251 | I31: m2
B33: Ship Steel Weight(Wst)
B34: Wst = K x E^1.36
B36: Which K value can be obtained from the table which is stated in practical ship design page 85
E53: based on the table on Practical Ship Design by Watson
E54: page
C55: Wst | D55: = | E55: K x E^1.36 | H55: k = | I55: 0.035 | K55: (estimated)
D56: = | E56: =I55*(G31)^(1.36) -> 3843.127 | G56: Ton
B58: 2. Outfit and Accomodation
C59: WOA | D59: = | E59: 0.4 x Lpp x B
D60: = | E60: =0.4*E7*E10 -> 1298.76 | G60: Ton | H60: (Practical Ship Design Page. 100 DGM Watson)
B62: 3. Engine Installation Weight
C63: Wmt | D63: = | E63: 0.72 x MCR^0.78
D64: = | E64: =0.72*(O7)^0.78 -> 828.4577 | G64: Ton
B66: 4. Reserved Weight (WRes)
C67: Wres | D67: = | E67: 2.5%(Wst+WOA+Wmt)
D68: = | E68: =2.5%*(E56+E60+E64) -> 149.25862 | G68: Ton
B70: 5. Total LWT | O70: 2.142
C71: LWT | D71: = | E71: Wst+Woa+Wmt+Wres | O71: 1.8
D72: = | E72: =E56+E60+E64+E68 -> 6119.6033 | G72: Ton | O72: =O71/O70 -> 0.84033613
C74: DWT | D74: = | E74: Displacement - LWT
D75: = | E75: =O10-E72 -> 16863.966 | G75: Ton
B77: 6. Payload
C78: Payload | D78: = | E78: DWT - WT | K78: Density
D79: = | E79: =E75-O11 -> 16023.513 | G79: Ton | K79: 1. Crude Oil | O79: = | P79: 0.92 | R79: ton/m3
C81: Volume | D81: = | E81: Payload x Density
D82: = | E82: =E79/P79 -> 17416.862 | G82: m3 | H82: (Crude Oil)
A85: B. Calculation of Framing
B87: 1. Calculation of Standard Frame Spacing
O97: From ABS Rules
C98: S | D98: = | E98: 2.08*L + 438
C99: S | D99: = | E99: =2.08*E7+438 -> 722.96 | G99: mm
C100: Taken | D100: = | E100: 700 | G100: mm
C101: Sb and Cb | D101: = | E101: 600 | G101: mm | I101: (Aft. Sterntube Blkh. and Before Collision Blkh.)
B103: 2. Calculation of Double Bottom
B104: According to ABS Rules Part 3, Hull Construction and Equipment , Tanker Ships of 5000 deadweight and above shall have double hull in the entire cargo tank length with arrangement as follows:
B108: Double Side Width (m)
B109: w | C109: = | D109: 0.5 + DW/20000 | H109: or w = 2 whichever is the lesser, but not less than 1 m
C110: = | D110: =0.5+(E75/20000) -> 1.3431983 | E110: m
B112: Double Bottom Height (m)
C122: Depth | D122: = | E122: h
C123: h | D123: = | E123: 32B + 190 (d)^0.5
C124: h | D124: = | E124: =(32*E10)+(190*(E12)^(1/2)) -> 1357.6384 | G124: mm
C125: Taken | D125: = | E125: 1.325 | G125: m
B127: 3. Calculation of Bulkhead
C128: a. Sterntube Bulkhead (AP Bulkhead)
D129: The bulkhead afterpeak is located 0.35 T + at least 3 frame distances in front of the stern
F132: Stern (from AP) | G132: = | H132: =0.35*E12 -> 3.48145 | J132: m
F133: +3 frame | G133: = | H133: =H132+3*E101/1000 -> 5.28145 | J133: m
F134: Taken | G134: = | H134: 4.8 | J134: m
C148: b. Engine Room Bulkhead
C149: The location of the bulkhead engine room is estimated to be 17% s / d 20%
C150: Lpp as measured from the AP line.
D152: Engine room bulkhead placed between (17-20)% Lpp from AP
F154: 18%Lpp | G154: = | H154: =0.18*$E$7 -> 24.66 | J154: m
C155: From Sterntube | G155: = | H155: 20373 | J155: mm
D156: Frame Space | G156: = | H156: 700 | J156: mm
D157: No. of Frame | G157: = | H157: =H155/700 -> 29.104286
G158: = | H158: 29
C159: Length Taken | G159: = | H159: 20300 | J159: mm
C161: c. Collision Bulkhead
D162: The placement of Collision Bulkhead is 0.05 – 0.08 Lc that measured
D163: From FP
E165: 0.05Lpp | F165: = | G165: =0.05*$E$7 -> 6.85 | I165: m
E166: 0.06Lpp | F166: = | G166: =0.06*$E$7 -> 8.22 | I166: m
E167: 0.07Lpp | F167: = | G167: =0.07*$E$7 -> 9.59 | I167: m
E168: 0.08Lpp | F168: = | G168: =0.08*$E$7 -> 10.96 | I168: m
E170: Taken | F170: = | G170: =0.08*$E$7 -> 10.96 | I170: m
C172: d. Amount of Cargo Bulkhead / Cargo Hold Bulkhead
E198: L | F198: = | G198: =E7 -> 137 | I198: m
D199: Which means, according to the table above, must be equipped
D200: with a transverse bulkhead of at least 6 if the engine room is
D201: located behind.
E203: Taken | F203: = | G203: 7 | I203: 7
B205: 1. SLOP Tank
B206: Slop tanks are present onboard tanker to store oily water mixture from cargo tank washing
B208: V | C208: = | D208: 3% x cargo tank volume
C209: = | D209: =0.03*E79 -> 480.70539 | F209: ton
...

Sheet SARAT KOSONG
A2: Type of Ship | G2: OIL TANKER
A3: LPP | G3: =HOLTROP!G4 -> 137 | H3: m
A4: LWL | G4: =HOLTROP!G5 -> 142.48 | H4: m
A5: B | G5: =HOLTROP!G6 -> 23.7 | H5: m
A6: H | G6: =HOLTROP!G7 -> 13.34 | H6: m | K6: Lpp(B+T)+ 0.85 Lpp(H-T)+0.85{(L1.h1)+0.75(L2.h2)}
A7: T | G7: =HOLTROP!G8 -> 9.947 | H7: m
A8: Vs | G8: =HOLTROP!G9 -> 16 | H8: knot
A9: Cb | G9: =HOLTROP!G10 -> 0.68
A10: Cm | G10: =HOLTROP!G11 -> 0.982
A11: Cp | G11: =HOLTROP!G12 -> 0.69
A12: Volume Displacement | G12: =G27 -> 22401.14 | H12: m3
A14: Calculation of Ship Dimension
A16: Using Data From Design 1
A18: Cb | G18: =G9 -> 0.68
A19: Cm | G19: =G10 -> 0.982
A20: Cp | G20: =G11 -> 0.69
A21: Am | G21: =G19*G5*G7 -> 231.50051
A22: L Displacement | G22: =1/2*(G3+G4) -> 139.74 | H22: m
G23: =G22*3.28084 -> 458.46458 | H23: ft
A24: Speed Length Ratio | G24: =G8/G23^(1/2) -> 0.747252
A26: Am | G26: =G19*G5*G7 -> 231.50051 | H26: m²
A27: Volume Displacement | G27: =G18*G22*G5*G7 -> 22401.14 | H27: m3
A28: Displacement Weight | G28: =G27*1.025 -> 22961.168 | H28: ton
A29: Wetted Surface (S) | G29: =1.025*G3*((G9*G5)+(1.7*G7)) -> 4637.662 | H29: m²
A30: Faktor Bentuk (K) | G30: =19*(G9*(G5/G4))^2 -> 0.2430862
J31: BUSAN
A32: LCB | G32: 0.005
A36: SARAT KAPAL KOSONG ENGINE MAN L32/44CR | AM36: SARAT KAPAL KOSONG ENGINE CAT M 32 C | BF36: SARAT KAPAL KOSONG ENGINE WARTSILA 7L32
A37: Perhitungan Berat Kebutuhan Tangki | AM37: Perhitungan Berat Kebutuhan Tangki | BF37: Perhitungan Berat Kebutuhan Tangki
A38: 1. | B38: Berat Bahan Bakar Mesin Induk | T38: Volume HFO Settling Tank | W38: 24 jam | AM38: 1. | AN38: Berat Bahan Bakar Mesin Induk | BF38: 1. | BG38: Berat Bahan Bakar Mesin Induk
B39: WFO | C39: = | D39: BHPME . bME . (S/Vs) . 10-6 . C | G39: (Ton) | T39: W = | U39: =4800*178*24*10^-6 *1.5 -> 30.7584 | V39: ton | X39: Dimana ρ diesel = | Z39: 0.95 | AA39: ton/m3 | AN39: WFO | AO39: = | AP39: BHPME . bME . (S/Vs) . 10-6 . C | AS39: (Ton) | BG39: WFO | BH39: = | BI39: BHPME . bME . (S/Vs) . 10-6 . C | BL39: (Ton)
B40: Keterangan : | E40: BHPME | G40: = | H40: BHP Mesin utama dari catalog (kW) | N40: waktu tempuh | O40: =O45/K46 -> 260.84615 | P40: jam | T40: Vol = | U40: =U39/Z39 -> 32.377263 | V40: m3 | AN40: Keterangan : | AQ40: BHPME | AS40: = | AT40: BHP Mesin utama dari catalog (kW) | AZ40: waktu tempuh | BA40: =BA45/AW46 -> 260.84615 | BB40: jam | BG40: Keterangan : | BJ40: BHPME | BL40: = | BM40: BHP Mesin utama dari catalog (kW) | BS40: waktu tempuh | BT40: =BT45/BP46 -> 260.84615 | BU40: jam
E41: bME | G41: = | H41: Spesifik konsumsi bahan bakar mesin induk =178 g/kWh | O41: =O44/K45 -> 260.84615 | AQ41: bME | AS41: = | AT41: Spesifik konsumsi bahan bakar mesin induk =178 g/kWh | BA41: =BA44/AW45 -> 260.84615 | BJ41: bME | BL41: = | BM41: Spesifik konsumsi bahan bakar mesin induk =178 g/kWh | BT41: =BT44/BP45 -> 260.84615
E42: S | G42: = | H42: Rute Pelayaran (Nautical Miles) | O42: =O41/24 -> 10.86859 | P42: days | T42: Volume HFO Service Tank | W42: 8 jam | AQ42: S | AS42: = | AT42: Rute Pelayaran (Nautical Miles) | BA42: =BA41/24 -> 10.86859 | BB42: days | BJ42: S | BL42: = | BM42: Rute Pelayaran (Nautical Miles) | BT42: =BT41/24 -> 10.86859 | BU42: days
E43: Vs | G43: = | H43: Kecepatan Kapal (Knots) | T43: W= | U43: =4800*178*8*10^-6 *1.5 -> 10.2528 | AQ43: Vs | AS43: = | AT43: Kecepatan Kapal (Knots) | BJ43: Vs | BL43: = | BM43: Kecepatan Kapal (Knots)
E44: C | G44: = | H44: Koreksi Cadangan (1.3-1.5) | N44: S = | O44: 3391 | P44: nm | T44: Vol= | U44: =U43/Z39 -> 10.792421 | V44: m3 | AQ44: C | AS44: = | AT44: Koreksi Cadangan (1.3-1.5) | AZ44: S = | BA44: 3391 | BB44: nm | BJ44: C | BL44: = | BM44: Koreksi Cadangan (1.3-1.5) | BS44: S = | BT44: 3391 | BU44: nm
B45: WFO | C45: = | D45: BHPME . bME . (S/Vs) . 10-6 . C | J45: Vs = | K45: 13 | L45: knot | N45: = | O45: =O44*1.852 -> 6280.132 | P45: km | AN45: WFO | AO45: = | AP45: BHPME . bME . (S/Vs) . 10-6 . C | AV45: Vs = | AW45: 13 | AX45: knot | AZ45: = | BA45: =BA44*1.852 -> 6280.132 | BB45: km | BG45: WFO | BH45: = | BI45: BHPME . bME . (S/Vs) . 10-6 . C | BO45: Vs = | BP45: 13 | BQ45: knot | BS45: = | BT45: =BT44*1.852 -> 6280.132 | BU45: km
C46: = | D46: 4480 . 178 . 3391/13 . 10-6 . 1,5 | J46: = | K46: =K45*1.852 -> 24.076 | L46: km/h | AO46: = | AP46: 3840 . 177 . 3391/13 . 10-6 . 1,5 | AV46: = | AW46: =AW45*1.852 -> 24.076 | AX46: km/h | BH46: = | BI46: 4060 . 185. 3391/13 . 10-6 . 1,5 | BO46: = | BP46: =BP45*1.852 -> 24.076 | BQ46: km/h
C47: = | D47: =4800*178*(O44/K45)*10^-6 *1.5 -> 334.30043 | F47: Ton | H47: =4480*178*(24)*10^-6 *1.5 -> 28.70784 | AO47: = | AP47: =3840*177*(BA44/AW45)*10^-6 *1.5 -> 265.93787 | AR47: Ton | BH47: = | BI47: =4060*185*(BT44/BP45)*10^-6 *1.5 -> 293.88232 | BK47: Ton
M48: "Tentang Rencana Umum" Gaguk Suhardjito 2006 hal 16 | AY48: "Tentang Rencana Umum" Gaguk Suhardjito 2006 hal 16 | BR48: "Tentang Rencana Umum" Gaguk Suhardjito 2006 hal 16
A49: 2. | B49: Volume Bahan Bakar Mesin Induk | AM49: 2. | AN49: Volume Bahan Bakar Mesin Induk | BF49: 2. | BG49: Volume Bahan Bakar Mesin Induk
B50: V(WFO) | D50: = | E50: WFO / ρ | G50: (m3) | AN50: V(WFO) | AP50: = | AQ50: WFO / ρ | AS50: (m3) | BG50: V(WFO) | BI50: = | BJ50: WFO / ρ | BL50: (m3)
B51: Dimana ρ diesel = | E51: 0.95 | G51: ton/m3 | AN51: Dimana ρ diesel = | AQ51: 0.95 | AS51: ton/m3 | BG51: Dimana ρ diesel = | BJ51: 0.95 | BL51: ton/m3
B53: V(WFO) | D53: = | E53: =D47/E51 -> 351.89519 | G53: m3 | M53: "Tentang Rencana Umum" Gaguk Suhardjito 2006 hal 16 | AN53: V(WFO) | AP53: = | AQ53: =AP47/AQ51 -> 279.9346 | AS53: m3 | AY53: "Tentang Rencana Umum" Gaguk Suhardjito 2006 hal 16 | BG53: V(WFO) | BI53: = | BJ53: =BI47/BJ51 -> 309.34981 | BL53: m3 | BR53: "Tentang Rencana Umum" Gaguk Suhardjito 2006 hal 16
D54: = | E54: =E53*1000 -> 351895.19 | G54: Liter | AP54: = | AQ54: =AQ53*1000 -> 279934.6 | AS54: Liter | BI54: = | BJ54: =BJ53*1000 -> 309349.81 | BL54: Liter
A56: 3. | B56: Koreksi Volume Tambahan Bahan Bakar Mesin Induk | AM56: 3. | AN56: Koreksi Volume Tambahan Bahan Bakar Mesin Induk | BF56: 3. | BG56: Koreksi Volume Tambahan Bahan Bakar Mesin Induk
B57: V2 (WFO) | D57: = | E57: 102% . V (WFO) | I57: m3 | J57: (Koreksi untuk Double Bottom) | AN57: V2 (WFO) | AP57: = | AQ57: 102% . V (WFO) | AU57: m3 | AV57: (Koreksi untuk Double Bottom) | BG57: V2 (WFO) | BI57: = | BJ57: 102% . V (WFO) | BN57: m3 | BO57: (Koreksi untuk Double Bottom)
D58: = | E58: =102%*E53 -> 358.93309 | G58: m3 | AP58: = | AQ58: =102%*AQ53 -> 285.53329 | AS58: m3 | BI58: = | BJ58: =102%*BJ53 -> 315.53681 | BL58: m3
D59: = | E59: =102%*E54 -> 358933.09 | G59: Liter | AP59: = | AQ59: =102%*AQ54 -> 285533.29 | AS59: Liter | BI59: = | BJ59: =102%*BJ54 -> 315536.81 | BL59: Liter
B61: V3 (WFO) | D61: = | E61: 102% . V2 (WFO) | I61: m3 | J61: (Koreksi untuk Ekspansi karena Panas) | AN61: V3 (WFO) | AP61: = | AQ61: 102% . V2 (WFO) | AU61: m3 | AV61: (Koreksi untuk Ekspansi karena Panas) | BG61: V3 (WFO) | BI61: = | BJ61: 102% . V2 (WFO) | BN61: m3 | BO61: (Koreksi untuk Ekspansi karena Panas)
D62: = | E62: =102%*E58 -> 366.11176 | G62: m3 | AP62: = | AQ62: =102%*AQ58 -> 291.24396 | AS62: m3 | BI62: = | BJ62: =102%*BJ58 -> 321.84754 | BL62: m3
D63: = | E63: =102%*E59 -> 366111.76 | G63: Liter | AP63: = | AQ63: =102%*AQ59 -> 291243.96 | AS63: Liter | BI63: = | BJ63: =102%*BJ59 -> 321847.54 | BL63: Liter
AN65: Maka V(WFO) | AQ65: = | AR65: =AQ62 -> 291.24396 | AT65: m3 | AY65: "Tentang Rencana Umum" Gaguk Suhardjito 2006 hal 16 | BG65: Maka V(WFO) | BJ65: = | BK65: =BJ62 -> 321.84754 | BM65: m3 | BR65: "Tentang Rencana Umum" Gaguk Suhardjito 2006 hal 16
AR66: =AQ63 -> 291243.96 | AT66: Liter | BK66: =BJ63 -> 321847.54 | BM66: Liter
A68: 4. | B68: Berat Bahan Bakar Mesin Bantu | AM68: 4. | AN68: Berat Bahan Bakar Mesin Bantu | BF68: 4. | BG68: Berat Bahan Bakar Mesin Bantu
B69: WFB | C69: = | D69: (0,1-0,2) WFO | G69: (Ton) | AN69: WFB | AO69: = | AP69: (0,1-0,2) WFO | AS69: (Ton) | BG69: WFB | BH69: = | BI69: (0,1-0,2) WFO | BL69: (Ton)
C70: = | D70: 0,15WFO | M70: "Tentang Rencana Umum" Gaguk Suhardjito 2006 hal 16 | AO70: = | AP70: 0,15WFO | AY70: "Tentang Rencana Umum" Gaguk Suhardjito 2006 hal 16 | BH70: = | BI70: 0,15WFO | BR70: "Tentang Rencana Umum" Gaguk Suhardjito 2006 hal 16
C71: = | D71: =0.1*D47 -> 33.430043 | F71: Ton | AO71: = | AP71: =0.15*AP47 -> 39.890681 | AR71: Ton | BH71: = | BI71: =0.15*BI47 -> 44.082348 | BK71: Ton
A73: 5. | B73: Volume Bahan Bakar Mesin Bantu | AM73: 5. | AN73: Volume Bahan Bakar Mesin Bantu | BF73: 5. | BG73: Volume Bahan Bakar Mesin Bantu
B74: V (WFB) | D74: = | E74: WFB / ρ | G74: (m3) | AN74: V (WFB) | AP74: = | AQ74: WFB / ρ | AS74: (m3) | BG74: V (WFB) | BI74: = | BJ74: WFB / ρ | BL74: (m3)
B75: Dimana ρ diesel | D75: = | E75: 0.95 | G75: Ton/m3 | AN75: Dimana ρ diesel = | AR75: 0.95 | AT75: Ton/m3 | BG75: Dimana ρ diesel = | BK75: 0.95 | BM75: Ton/m3
B77: V (WFB) | D77: = | E77: WFB / ρ | G77: (m3) | M77: "Tentang Rencana Umum" Gaguk Suhardjito 2006 hal 16 | AN77: V (WFB) | AP77: = | AQ77: WFB / ρ | AS77: (m3) | AY77: "Tentang Rencana Umum" Gaguk Suhardjito 2006 hal 16 | BG77: V (WFB) | BI77: = | BJ77: WFB / ρ | BL77: (m3) | BR77: "Tentang Rencana Umum" Gaguk Suhardjito 2006 hal 16
D78: = | E78: =D71/E75 -> 35.189519 | G78: (m3) | AP78: = | AQ78: =AP71/AR75 -> 41.99019 | AS78: (m3) | BI78: = | BJ78: =BI71/BK75 -> 46.402471 | BL78: (m3)
D79: = | E79: =E78*1000 -> 35189.519 | G79: Liter | AP79: = | AQ79: =AQ78*1000 -> 41990.19 | AS79: Liter | BI79: = | BJ79: =BJ78*1000 -> 46402.471 | BL79: Liter
A83: 6. | B83: Penambahan Volume Tanki Bahan Bakar Mesin Bantu | AM83: 6. | AN83: Penambahan Volume Tanki Bahan Bakar Mesin Bantu | BF83: 6. | BG83: Penambahan Volume Tanki Bahan Bakar Mesin Bantu
B84: VTank (WFB) | E84: = | F84: 104% . V (WFB) | AN84: VTank (WFB) | AQ84: = | AR84: 104% . V (WFB) | BG84: VTank (WFB) | BJ84: = | BK84: 104% . V (WFB)
E85: = | F85: =104%*E78 -> 36.5971 | H85: (m3) | M85: "Tentang Rencana Umum" Gaguk Suhardjito 2006 hal 16 | AQ85: = | AR85: =104%*AQ78 -> 43.669798 | AT85: (m3) | AY85: "Tentang Rencana Umum" Gaguk Suhardjito 2006 hal 16 | BJ85: = | BK85: =104%*BJ78 -> 48.25857 | BM85: (m3) | BR85: "Tentang Rencana Umum" Gaguk Suhardjito 2006 hal 16
E86: = | F86: =104%*E79 -> 36597.1 | H86: Liter | AQ86: = | AR86: =104%*AQ79 -> 43669.798 | AT86: Liter | BJ86: = | BK86: =104%*BJ79 -> 48258.57 | BM86: Liter
A88: 7. | B88: Berat Minyak Pelumas | AM88: 7. | AN88: Berat Minyak Pelumas | BF88: 7. | BG88: Berat Minyak Pelumas
B89: WLO | C89: = | D89: BHPME . bLO . (S/Vs) . 10-6 . C | AN89: WLO | AO89: = | AP89: BHPME . bLO . (S/Vs) . 10-6 . C | BG89: WLO | BH89: = | BI89: BHPME . bLO . (S/Vs) . 10-6 . C
B90: BHPME | C90: = | D90: BHP Mesin utama dari catalog (kW) | AN90: BHPME | AO90: = | AP90: BHP Mesin utama dari catalog (kW) | BG90: BHPME | BH90: = | BI90: BHP Mesin utama dari catalog (kW)
B91: bLO | C91: = | D91: 0.8 | AN91: bLO | AO91: = | AP91: 0.6 | BG91: bLO | BH91: = | BI91: 0.35
B92: S | C92: = | D92: Rute Pelayaran (Nautical Miles) | AN92: S | AO92: = | AP92: Rute Pelayaran (Nautical Miles) | BG92: S | BH92: = | BI92: Rute Pelayaran (Nautical Miles)
B93: Vs | C93: = | D93: Kecepatan Kapal (Knots) | AN93: Vs | AO93: = | AP93: Kecepatan Kapal (Knots) | BG93: Vs | BH93: = | BI93: Kecepatan Kapal (Knots)
B94: C | C94: = | D94: Koreksi Cadangan (1.3-1.5) | AN94: C | AO94: = | AP94: Koreksi Cadangan (1.3-1.5) | BG94: C | BH94: = | BI94: Koreksi Cadangan (1.3-1.5)
L95: "Tentang Rencana Umum" Gaguk Suhardjito 2006 hal 16 | AX95: "Tentang Rencana Umum" Gaguk Suhardjito 2006 hal 16 | BQ95: "Tentang Rencana Umum" Gaguk Suhardjito 2006 hal 16
B96: WLO | C96: = | D96: BHPME . bLO . (S/Vs) . 10-6 . C | AN96: WLO | AO96: = | AP96: BHPME . bLO . (S/Vs) . 10-6 . C | BG96: WLO | BH96: = | BI96: BHPME . bLO . (S/Vs) . 10-6 . C
C97: = | D97: =4480*D91*(O44/K45)*10^-6*1.3 -> 1.2153344 | F97: Ton | H97: =0.2*D97*3 -> 0.72920064 | AO97: = | AP97: =3920*AP91*(BA44/AW45)*10^-6*1.3 -> 0.7975632 | AR97: Ton | AT97: =0.2*AP97*3 -> 0.47853792 | BH97: = | BI97: =3920*BI91*(BT44/BP45)*10^-6*1.3 -> 0.4652452 | BK97: Ton | BM97: =0.2*BI97*3 -> 0.27914712
A99: 8. | B99: Volume Minyak Pelumas | AM99: 8. | AN99: Volume Minyak Pelumas | BF99: 8. | BG99: Volume Minyak Pelumas
B100: V(WLO) | D100: = | E100: WLO / ρ | G100: (m3) | AN100: V(WLO) | AP100: = | AQ100: WLO / ρ | AS100: (m3) | BG100: V(WLO) | BI100: = | BJ100: WLO / ρ | BL100: (m3)
B101: Dimana ρ lube oil | F101: = | G101: 0.9 | H101: Ton/m3 | AN101: Dimana ρ lube oil | AR101: = | AS101: 0.9 | AT101: Ton/m3 | BG101: Dimana ρ lube oil | BK101: = | BL101: 0.9 | BM101: Ton/m3
B103: V(WLO) | D103: = | E103: WLO / ρ | AN103: V(WLO) | AP103: = | AQ103: WLO / ρ | BG103: V(WLO) | BI103: = | BJ103: WLO / ρ
D104: = | E104: =D97/G101 -> 1.3503716 | G104: (m3) | L104: "Tentang Rencana Umum" Gaguk Suhardjito 2006 hal 16 | AP104: = | AQ104: =AP97/AS101 -> 0.88618133 | AS104: (m3) | AX104: "Tentang Rencana Umum" Gaguk Suhardjito 2006 hal 16 | BI104: = | BJ104: =BI97/BL101 -> 0.51693911 | BL104: (m3) | BQ104: "Tentang Rencana Umum" Gaguk Suhardjito 2006 hal 16
D105: = | E105: =E104*1000 -> 1350.3716 | G105: Liter | AP105: = | AQ105: =AQ104*1000 -> 886.18133 | AS105: Liter | BI105: = | BJ105: =BJ104*1000 -> 516.93911 | BL105: Liter
A107: 9. | B107: Penambahan Volume Tanki Minyak Pelumas | AM107: 9. | AN107: Penambahan Volume Tanki Minyak Pelumas | BF107: 9. | BG107: Penambahan Volume Tanki Minyak Pelumas
B108: VTank (WLO) | E108: = | F108: 104% . V(WLO) | AN108: VTank (WLO) | AQ108: = | AR108: 104% . V(WLO) | BG108: VTank (WLO) | BJ108: = | BK108: 104% . V(WLO)
E109: = | F109: =104%*E104 -> 1.4043864 | H109: (m3) | L109: "Tentang Rencana Umum" Gaguk Suhardjito 2006 hal 16 | AQ109: = | AR109: =104%*AQ104 -> 0.92162859 | AT109: (m3) | AX109: "Tentang Rencana Umum" Gaguk Suhardjito 2006 hal 16 | BJ109: = | BK109: =104%*BJ104 -> 0.53761668 | BM109: (m3) | BQ109: "Tentang Rencana Umum" Gaguk Suhardjito 2006 hal 16
E110: = | F110: =104%*E105 -> 1404.3864 | H110: Liter | AQ110: = | AR110: =104%*AQ105 -> 921.62859 | AT110: Liter | BJ110: = | BK110: =104%*BJ105 -> 537.61668 | BM110: Liter
A112: Berat Fresh Water | AM112: Berat Fresh Water | BF112: Berat Fresh Water
A113: 1. | B113: Air Minum | AM113: 1. | AN113: Air Minum | BF113: 1. | BG113: Air Minum
B114: a | C114: = | D114: ((10~20) . Total Crew . S(km)) / 24 . Vs (km/h) | AN114: a | AO114: = | AP114: ((10~20) . Total Crew . S(km)) / 24 . Vs (km/h) | BG114: a | BH114: = | BI114: ((10~20) . Total Crew . S(km)) / 24 . Vs (km/h)
C115: = | D115: (20 . 10 . S(km))/24 . Vs (km/h) | AO115: = | AP115: (20 . 10 . S(km))/24 . Vs (km/h) | BH115: = | BI115: (20 . 10 . S(km))/24 . Vs (km/h)
C116: = | D116: =(20*20*O45)/(24*K46) -> 4347.4359 | F116: kg | M116: "Tentang Rencana Umum" Gaguk Suhardjito 2006 hal 17 | AO116: = | AP116: =(20*10*BA45)/(24*AW46) -> 2173.7179 | AR116: kg | AY116: "Tentang Rencana Umum" Gaguk Suhardjito 2006 hal 17 | BH116: = | BI116: =(20*10*BT45)/(24*BP46) -> 2173.7179 | BK116: kg | BR116: "Tentang Rencana Umum" Gaguk Suhardjito 2006 hal 17
C117: = | D117: =D116/1000 -> 4.3474359 | F117: ton | AO117: = | AP117: =AP116/1000 -> 2.1737179 | AR117: ton | BH117: = | BI117: =BI116/1000 -> 2.1737179 | BK117: ton
A119: 2. | B119: Air Cuci | AM119: 2. | AN119: Air Cuci | BF119: 2. | BG119: Air Cuci
B120: b | C120: = | D120: ((80-200) . Total Crew . S(km)) / 24 . Vs (km/h) | AN120: b | AO120: = | AP120: ((80-200) . Total Crew . S(km)) / 24 . Vs (km/h) | BG120: b | BH120: = | BI120: ((80-200) . Total Crew . S(km)) / 24 . Vs (km/h)
C121: = | D121: (200. 20 . S(km)) / 24 . Vs (km/h) | AO121: = | AP121: (200. 20 . S(km)) / 24 . Vs (km/h) | BH121: = | BI121: (200. 20 . S(km)) / 24 . Vs (km/h)
C122: = | D122: =(200*20*(O45)/(24*K46)) -> 43474.359 | G122: kg | AO122: = | AP122: =(200*10*(BA45)/(24*AW46)) -> 21737.179 | AS122: kg | BH122: = | BI122: =(200*10*(BT45)/(24*BP46)) -> 21737.179 | BL122: kg
C123: = | D123: =D122/1000 -> 43.474359 | G123: ton | AO123: = | AP123: =AP122/1000 -> 21.737179 | AR123: ton | BH123: = | BI123: =BI122/1000 -> 21.737179 | BK123: ton
A125: 3. | B125: Air Pendinginan Mesin | AM125: 3. | AN125: Air Pendinginan Mesin | BF125: 3. | BG125: Air Pendinginan Mesin
...

Sheet Tank
A1: payload
A2: volume | B2: 18974.457 | C2: m3 | D2: =B2/0.98 -> 19361.691
A4: ballast
A5: volume | B5: 5028.0073 | C5: m3
A7: total | B7: =B2+B5 -> 24002.464 | C7: m3
A9: total cargo+doubel bottom+wing tank | H9: Ballast double bottom | M9: vol double bottom + wing tank | P9: =K15+H81 -> 5713.1537 | Q9: m3
A10: wl | B10: 1/2 area | C10: fs | D10: area x fs | H10: wl | I10: 1/2 area | J10: fs | K10: area x fs
A11: 0 | B11: 922.49 | C11: 1 | D11: =B11*C11 -> 922.49 | H11: 0 | I11: 872.09 | J11: 1 | K11: =I11*J11 -> 872.09 | M11: vol cargo tank | O11: =D29-P9 -> 21947.283 | P11: m3
A12: 1 | B12: 1077.69 | C12: 3 | D12: =B12*C12 -> 3233.07 | H12: 0.67 | I12: 1050.46 | J12: 4 | K12: =I12*J12 -> 4201.84
A13: 2 | B13: 1116.54 | C13: 3 | D13: =B13*C13 -> 3349.62 | H13: 1.33 | I13: 1096.64 | J13: 1 | K13: =I13*J13 -> 1096.64 | M13: cargo tank lebih | O13: =O11-B2 -> 2972.8261 | P13: m3
A14: 3 | B14: 1116.72 | C14: 2 | D14: =B14*C14 -> 2233.44 | K14: =SUM(K11:K13) -> 6170.57
A15: 4 | B15: 1128.03 | C15: 3 | D15: =B15*C15 -> 3384.09 | J15: vol | K15: =2*1/3*(1.33/2)*K14 -> 2735.6194 | L15: m3 | M15: slop tank | O15: =0.03*B2 -> 569.2337 | P15: m3
A16: 5 | B16: 1130.65 | C16: 3 | D16: =B16*C16 -> 3391.95
A17: 6 | B17: 1132.88 | C17: 2 | D17: =B17*C17 -> 2265.76 | M17: HFO bunker | O17: 341.70431 | P17: m3
A18: 7 | B18: 1135.52 | C18: 3 | D18: =B18*C18 -> 3406.56 | M18: HFO Settling | O18: 30.218779 | P18: m3 | Q18: X | R18: =2*3.75*3*2 -> 45
A19: 8 | B19: 1138.92 | C19: 3 | D19: =B19*C19 -> 3416.76 | M19: HFO Service | O19: ='SARAT KOSONG'!U44 -> 10.792421 | P19: m3 | Q19: X | R19: =3*4*2.1 -> 25.2 | S19: =R19/2 -> 12.6
A20: 9 | B20: 1143.07 | C20: 1 | D20: =B20*C20 -> 1143.07
D21: =SUM(D11:D20) -> 26746.81 | M21: MDO Storage | O21: =0.15*O17 -> 51.255646 | P21: m3
C22: vol | D22: =2*3/8*1*D21 -> 20060.107 | E22: m3 | M22: MDO Service | O22: =0.2*O19 -> 2.1584842 | P22: m3 | Q22: X | R22: =2*1*1*2 -> 4
A24: 9.05 | B24: 1143.07 | C24: 0.5 | D24: =B24*C24 -> 571.535 | M24: LO Tank | O24: 1.4043864 | P24: m3 | Q24: x | R24: =2*1.5*1*1 -> 3
A25: 12.35 | B25: 1160.06 | C25: 0.5 | D25: =B25*C25 -> 580.03
D26: =SUM(D24:D25) -> 1151.565 | M26: Fresh Water Tank | O26: 52.496158 | P26: m3 | Q26: X | R26: =3.75*10.5 -> 39.375
C27: vol | D27: =3.3*D26*2 -> 7600.329 | E27: m3
M28: Sludge Tank | O28: 5.742 | P28: m3 | R28: =2*1.325*4.2*1.5 -> 16.695
C29: vol total | D29: =D27+D22 -> 27660.436 | E29: m3
M30: Oily Bilge Tank | O30: =4480/250 -> 17.92 | P30: m3
A32: Engine room bulkhead ke cargo bulkhead | M32: Sewage | O32: 6 | P32: m3
A33: wl | B33: 1/2 area | C33: fs | D33: area x fs
A34: 0 | B34: 15.79 | C34: 1 | D34: =B34*C34 -> 15.79 | M34: Sea Chest | O34: =4800/750 -> 6.4 | P34: m3
A35: 1 | B35: 24.64 | C35: 3 | D35: =B35*C35 -> 73.92
A36: 2 | B36: 26.55 | C36: 3 | D36: =B36*C36 -> 79.65
A37: 3 | B37: 27.52 | C37: 2 | D37: =B37*C37 -> 55.04
A38: 4 | B38: 28.17 | C38: 3 | D38: =B38*C38 -> 84.51
A39: 5 | B39: 28.77 | C39: 3 | D39: =B39*C39 -> 86.31
A40: 6 | B40: 29.45 | C40: 2 | D40: =B40*C40 -> 58.9
A41: 7 | B41: 30.25 | C41: 3 | D41: =B41*C41 -> 90.75
A42: 8 | B42: 31.19 | C42: 3 | D42: =B42*C42 -> 93.57
A43: 9 | B43: 32.29 | C43: 1 | D43: =B43*C43 -> 32.29
D44: =SUM(D34:D43) -> 670.73
C45: vol | D45: =2*3/8*1*D44 -> 503.0475 | E45: m3
A47: 9.05 | B47: 32.29 | C47: 0.5 | D47: =B47*C47 -> 16.145
A48: 12.35 | B48: 32.46 | C48: 0.5 | D48: =B48*C48 -> 16.23
D49: =SUM(D47:D48) -> 32.375
C50: vol | D50: =3.3*D49*2 -> 213.675 | E50: m3
C52: vol total | D52: =D50+D45 -> 716.7225 | E52: m3
A54: Ballast Double Bottom | K54: Ballast Wing tank
A55: Tank 1 | F55: Tank 2 | K55: wl | L55: 1/2 area | M55: fs | N55: area x fs
A56: wl | B56: 1/2 area | C56: fs | D56: area x fs | F56: wl | G56: 1/2 area | H56: fs | I56: area x fs | K56: 1.33 | L56: 134.37 | M56: 0.5 | N56: =L56*M56 -> 67.185
A57: 0 | B57: 82.3 | C57: 1 | D57: =B57*C57 -> 82.3 | F57: 0 | G57: 129.3 | H57: 1 | I57: =G57*H57 -> 129.3 | K57: 2 | L57: 136.27 | M57: 0.5 | N57: =L57*M57 -> 68.135
A58: 0.67 | B58: 111.13 | C58: 4 | D58: =B58*C58 -> 444.52 | F58: 0.67 | G58: 150.6 | H58: 4 | I58: =G58*H58 -> 602.4 | N58: =SUM(N56:N57) -> 135.32
A59: 1.33 | B59: 114.07 | C59: 1 | D59: =B59*C59 -> 114.07 | F59: 1.33 | G59: 156.51 | H59: 1 | I59: =G59*H59 -> 156.51 | K59: 424 | M59: vol | N59: =N58*0.67*2 -> 181.3288 | O59: m3
D60: =SUM(D57:D59) -> 640.89 | I60: =SUM(I57:I59) -> 888.21
B61: =D61/2 -> 142.06395 | C61: vol | D61: =2*1/3*(1.33/2)*D60 -> 284.1279 | E61: m3 | G61: =I61/2 -> 196.88655 | H61: vol | I61: =2*1/3*(1.33/2)*I60 -> 393.7731 | J61: m3 | K61: 2 | L61: 136.27 | M61: 1 | N61: =L61*M61 -> 136.27
K62: 3 | L62: 136.21 | M62: 3 | N62: =L62*M62 -> 408.63
A63: Tank 3 | F63: Tank 4 | K63: 4 | L63: 136.18 | M63: 3 | N63: =L63*M63 -> 408.54
A64: wl | B64: 1/2 area | C64: fs | D64: area x fs | F64: wl | G64: 1/2 area | H64: fs | I64: area x fs | K64: 5 | L64: 136.18 | M64: 2 | N64: =L64*M64 -> 272.36
A65: 0 | B65: 138.61 | C65: 1 | D65: =B65*C65 -> 138.61 | F65: 0 | G65: 138.61 | H65: 1 | I65: =G65*H65 -> 138.61 | K65: 6 | L65: 136.18 | M65: 3 | N65: =L65*M65 -> 408.54
A66: 0.67 | B66: 162.58 | C66: 4 | D66: =B66*C66 -> 650.32 | F66: 0.67 | G66: 162.58 | H66: 4 | I66: =G66*H66 -> 650.32 | K66: 7 | L66: 134.27 | M66: 3 | N66: =L66*M66 -> 402.81
A67: 1.33 | B67: 169.7 | C67: 1 | D67: =B67*C67 -> 169.7 | F67: 1.33 | G67: 169.59 | H67: 1 | I67: =G67*H67 -> 169.59 | K67: 8 | L67: 135.98 | M67: 1 | N67: =L67*M67 -> 135.98
D68: =SUM(D65:D67) -> 958.63 | I68: =SUM(I65:I67) -> 958.52 | N68: =SUM(N61:N67) -> 2173.13
B69: =D69/2 -> 212.49632 | C69: vol | D69: =2*1/3*(1.33/2)*D68 -> 424.99263 | E69: m3 | G69: =I69/2 -> 212.47193 | H69: vol | I69: =2*1/3*(1.33/2)*I68 -> 424.94387 | J69: m3 | M69: vol | N69: =2*1*3/8*N68 -> 1629.8475 | O69: m3
A71: Tank 5 | F71: Tank 6 | K71: 8 | L71: 135.98 | M71: 0.5 | N71: =L71*M71 -> 67.99
A72: wl | B72: 1/2 area | C72: fs | D72: area x fs | F72: wl | G72: 1/2 area | H72: fs | I72: area x fs | K72: 9 | L72: 135.88 | M72: 0.5 | N72: =L72*M72 -> 67.94
A73: 0 | B73: 138.61 | C73: 1 | D73: =B73*C73 -> 138.61 | F73: 0 | G73: 136.03 | H73: 1 | I73: =G73*H73 -> 136.03 | N73: =SUM(N71:N72) -> 135.93
A74: 0.67 | B74: 162.58 | C74: 4 | D74: =B74*C74 -> 650.32 | F74: 0.67 | G74: 130.34 | H74: 4 | I74: =G74*H74 -> 521.36 | M74: vol | N74: =N73*1*2 -> 271.86 | O74: m3
A75: 1.33 | B75: 169.59 | C75: 1 | D75: =B75*C75 -> 169.59 | F75: 1.33 | G75: 167.39 | H75: 1 | I75: =G75*H75 -> 167.39
D76: =SUM(D73:D75) -> 958.52 | I76: =SUM(I73:I75) -> 824.78 | K76: 9 | L76: 135.88 | M76: 0.5 | N76: =L76*M76 -> 67.94
B77: =D77/2 -> 212.47193 | C77: vol | D77: =2*1/3*(1.33/2)*D76 -> 424.94387 | E77: m3 | G77: =I77/2 -> 182.82623 | H77: vol | I77: =2*1/3*(1.33/2)*I76 -> 365.65247 | J77: m3 | K77: 12.3 | L77: 135.18 | M77: 0.5 | N77: =L77*M77 -> 67.59
N78: =SUM(N76:N77) -> 135.53
A79: Tank 7 | M79: vol | N79: =N78*3.3*2 -> 894.498 | O79: m3
A80: wl | B80: 1/2 area | C80: fs | D80: area x fs | F80: Total Double Bottom | H80: =D61+I61+D69+I69+D77+I77+D85 -> 2632.7616 | I80: m3 | L80: =N80/2 -> 1488.7672 | M80: vol total | N80: =N59+N69+N74+N79 -> 2977.5343 | O80: m3
A81: 0 | B81: 97.56 | C81: 1 | D81: =B81*C81 -> 97.56 | F81: Total Wing Tank | H81: =N79+N74+N69+N59 -> 2977.5343 | I81: m3
A82: 0.67 | B82: 120.95 | C82: 4 | D82: =B82*C82 -> 483.8 | F82: Total Ballast | H82: =SUM(H80:H81) -> 5610.2959 | I82: m3
A83: 1.33 | B83: 127.65 | C83: 1 | D83: =B83*C83 -> 127.65
D84: =SUM(D81:D83) -> 709.01
B85: =D85/2 -> 157.16388 | C85: vol | D85: =2*1/3*(1.33/2)*D84 -> 314.32777 | E85: m3
A87: Cargo Tank
A88: Tank 1 | F88: Tank 2 | K88: Tank 3 | P88: Tank 4 | U88: 2 | V88: 1 | W88: 139.97 | X88: =V88*W88 -> 139.97
A89: wl | B89: 1/2 area | C89: fs | D89: area x fs | F89: wl | G89: 1/2 area | H89: fs | I89: area x fs | K89: wl | L89: 1/2 area | M89: fs | N89: area x fs | P89: wl | Q89: 1/2 area | R89: fs | S89: area x fs | U89: 3 | V89: 4 | W89: 139.99 | X89: =V89*W89 -> 559.96
A90: 1.33 | B90: 94.47 | C90: 0.5 | D90: =B90*C90 -> 47.235 | F90: 1.33 | G90: 136.91 | H90: 0.5 | I90: =G90*H90 -> 68.455 | K90: 1.33 | L90: 149.12 | M90: 0.5 | N90: =L90*M90 -> 74.56 | P90: 1.33 | Q90: 149.12 | R90: 0.5 | S90: =Q90*R90 -> 74.56 | U90: 4 | V90: 2 | W90: 140.08 | X90: =V90*W90 -> 280.16
A91: 2 | B91: 93.7 | C91: 0.5 | D91: =B91*C91 -> 46.85 | F91: 2 | G91: 139.97 | H91: 0.5 | I91: =G91*H91 -> 69.985 | K91: 2 | L91: 152.04 | M91: 0.5 | N91: =L91*M91 -> 76.02 | P91: 2 | Q91: 152.04 | R91: 0.5 | S91: =Q91*R91 -> 76.02 | U91: 5 | V91: 4 | W91: 140.41 | X91: =V91*W91 -> 561.64
D92: =SUM(D90:D91) -> 94.085 | I92: =SUM(I90:I91) -> 138.44 | N92: =SUM(N90:N91) -> 150.58 | S92: =SUM(S90:S91) -> 150.58 | U92: 6 | V92: 2 | W92: 140.65 | X92: =V92*W92 -> 281.3
C93: vol | D93: =D92*0.67*2 -> 126.0739 | E93: m3 | H93: vol | I93: =I92*0.67*2 -> 185.5096 | J93: m3 | M93: vol | N93: =N92*0.67*2 -> 201.7772 | O93: m3 | R93: vol | S93: =S92*0.67*2 -> 201.7772 | T93: m3 | U93: 7 | V93: 4 | W93: 141.08 | X93: =V93*W93 -> 564.32
U94: 8 | V94: 1 | W94: 141.49 | X94: =V94*W94 -> 141.49
A95: 2 | B95: 93.7 | C95: 1 | D95: =B95*C95 -> 93.7 | F95: 2 | G95: 139.97 | H95: 1 | I95: =G95*H95 -> 139.97 | K95: 2 | L95: 152.04 | M95: 1 | N95: =L95*M95 -> 152.04 | P95: 2 | Q95: 152.04 | R95: 1 | S95: =Q95*R95 -> 152.04 | X95: =SUM(X88:X94) -> 2528.84
A96: 3 | B96: 94.47 | C96: 3 | D96: =B96*C96 -> 283.41 | F96: 3 | G96: 139.99 | H96: 3 | I96: =G96*H96 -> 419.97 | K96: 3 | L96: 152.4 | M96: 3 | N96: =L96*M96 -> 457.2 | P96: 3 | Q96: 152.4 | R96: 3 | S96: =Q96*R96 -> 457.2 | X96: =1/3*1*X95*2 -> 1685.8933
A97: 4 | B97: 94.59 | C97: 3 | D97: =B97*C97 -> 283.77 | F97: 4 | G97: 140.08 | H97: 3 | I97: =G97*H97 -> 420.24 | K97: 4 | L97: 152.4 | M97: 3 | N97: =L97*M97 -> 457.2 | P97: 4 | Q97: 152.4 | R97: 3 | S97: =Q97*R97 -> 457.2
A98: 5 | B98: 94.89 | C98: 2 | D98: =B98*C98 -> 189.78 | F98: 5 | G98: 140.41 | H98: 2 | I98: =G98*H98 -> 280.82 | K98: 5 | L98: 152.4 | M98: 2 | N98: =L98*M98 -> 304.8 | P98: 5 | Q98: 152.4 | R98: 2 | S98: =Q98*R98 -> 304.8 | U98: 2 | V98: 1 | W98: 139.97 | X98: =V98*W98 -> 139.97
A99: 6 | B99: 95.49 | C99: 3 | D99: =B99*C99 -> 286.47 | F99: 6 | G99: 140.65 | H99: 3 | I99: =G99*H99 -> 421.95 | K99: 6 | L99: 152.4 | M99: 3 | N99: =L99*M99 -> 457.2 | P99: 6 | Q99: 152.4 | R99: 3 | S99: =Q99*R99 -> 457.2 | U99: 5 | V99: 4 | W99: 140.41 | X99: =V99*W99 -> 561.64
A100: 7 | B100: 98.28 | C100: 3 | D100: =B100*C100 -> 294.84 | F100: 7 | G100: 141.08 | H100: 3 | I100: =G100*H100 -> 423.24 | K100: 7 | L100: 152.4 | M100: 3 | N100: =L100*M100 -> 457.2 | P100: 7 | Q100: 152.4 | R100: 3 | S100: =Q100*R100 -> 457.2 | U100: 8 | V100: 1 | W100: 141.49 | X100: =V100*W100 -> 141.49
A101: 8 | B101: 98.27 | C101: 1 | D101: =B101*C101 -> 98.27 | F101: 8 | G101: 141.49 | H101: 1 | I101: =G101*H101 -> 141.49 | K101: 8 | L101: 152.4 | M101: 1 | N101: =L101*M101 -> 152.4 | P101: 8 | Q101: 152.4 | R101: 1 | S101: =Q101*R101 -> 152.4 | X101: =SUM(X98:X100) -> 843.1
D102: =SUM(D95:D101) -> 1530.24 | I102: =SUM(I95:I101) -> 2247.68 | N102: =SUM(N95:N101) -> 2438.04 | S102: =SUM(S95:S101) -> 2438.04 | X102: =1/3*3*X101*2 -> 1686.2
C103: vol | D103: =2*1*3/8*D102 -> 1147.68 | E103: m3 | H103: vol | I103: =2*1*3/8*I102 -> 1685.76 | J103: m3 | M103: vol | N103: =2*1*3/8*N102 -> 1828.53 | O103: m3 | R103: vol | S103: =2*1*3/8*S102 -> 1828.53 | T103: m3
X104: =X102-I103 -> 0.44
A105: 8 | B105: 98.27 | C105: 0.5 | D105: =B105*C105 -> 49.135 | F105: 8 | G105: 141.49 | H105: 0.5 | I105: =G105*H105 -> 70.745 | K105: 8 | L105: 152.4 | M105: 0.5 | N105: =L105*M105 -> 76.2 | P105: 8 | Q105: 152.4 | R105: 0.5 | S105: =Q105*R105 -> 76.2
A106: 9 | B106: 100.5 | C106: 0.5 | D106: =B106*C106 -> 50.25 | F106: 9 | G106: 142.18 | H106: 0.5 | I106: =G106*H106 -> 71.09 | K106: 9 | L106: 152.4 | M106: 0.5 | N106: =L106*M106 -> 76.2 | P106: 9 | Q106: 152.4 | R106: 0.5 | S106: =Q106*R106 -> 76.2
D107: =SUM(D105:D106) -> 99.385 | I107: =SUM(I105:I106) -> 141.835 | N107: =SUM(N105:N106) -> 152.4 | S107: =SUM(S105:S106) -> 152.4
C108: vol | D108: =D107*1*2 -> 198.77 | E108: m3 | H108: vol | I108: =I107*1*2 -> 283.67 | J108: m3 | M108: vol | N108: =N107*1*2 -> 304.8 | O108: m3 | R108: vol | S108: =S107*1*2 -> 304.8 | T108: m3
A110: 9 | B110: 100.5 | C110: 0.5 | D110: =B110*C110 -> 50.25 | F110: 9 | G110: 142.18 | H110: 0.5 | I110: =G110*H110 -> 71.09 | K110: 9 | L110: 152.4 | M110: 0.5 | N110: =L110*M110 -> 76.2 | P110: 9 | Q110: 152.4 | R110: 0.5 | S110: =Q110*R110 -> 76.2
A111: 12.3 | B111: 113.08 | C111: 0.5 | D111: =B111*C111 -> 56.54 | F111: 12.3 | G111: 143.53 | H111: 0.5 | I111: =G111*H111 -> 71.765 | K111: 12.3 | L111: 152.4 | M111: 0.5 | N111: =L111*M111 -> 76.2 | P111: 12.3 | Q111: 152.4 | R111: 0.5 | S111: =Q111*R111 -> 76.2
...

Sheet HOLTROP
A1: Principle Dimension
A3: Type of Ship | G3: {=[5]HARVARLD!$F$4:$G$4} -> Product Oil Tanker | H3: 0
A4: LPP | G4: =[5]HARVARLD!$F$6 -> 137 | H4: m
A5: LWL | G5: =[5]HARVARLD!$F$8 -> 142.48 | H5: m
A6: B | G6: =[5]HARVARLD!$F$16 -> 23.7 | H6: m
A7: H | G7: =[5]HARVARLD!$F$25 -> 13.34 | H7: m
A8: T | G8: =[5]HARVARLD!$F$23 -> 9.947 | H8: m | J8: Lpp(B+T)+ 0.85 Lpp(H-T)+0.85{(L1.h1)+0.75(L2.h2)}
A9: Vs | G9: =[5]HARVARLD!$F$27 -> 16 | H9: knot
A10: Cb | G10: =[5]HARVARLD!$F$31 -> 0.68
A11: Cm | G11: =[5]HARVARLD!$F$30 -> 0.982
A12: Cp | G12: =[5]HARVARLD!$F$32 -> 0.69
A13: Volume Displacement | G13: =G28 -> 22401.14 | H13: m3 | J13: 23583.524
K14: =G5*G6*G8*G10 -> 22840.378 | M14: =K14-G28 -> 439.23803
A15: Calculation of Ship Dimension
A17: Using Data From Design 1
A19: Cb | G19: =G10 -> 0.68
A20: Cm | G20: =G11 -> 0.982 | K20: B/T = | L20: =G6/G8 -> 2.3826279
A21: Cp | G21: =G12 -> 0.69
A22: Am | G22: =G20*G6*G8 -> 231.50051
A23: L Displacement | G23: =1/2*(G4+G5) -> 139.74 | H23: m | K23: 3.28084
G24: =G23*3.28084 -> 458.46458 | H24: ft
A25: Speed Length Ratio | G25: =G9/G24^(1/2) -> 0.747252
A27: Am | G27: =G20*G6*G8 -> 231.50051 | H27: m² | M27: =K29/17500 -> 0.31206676
A28: Volume Displacement | G28: =G19*G23*G6*G8 -> 22401.14 | H28: m3
A29: Displacement Weight | G29: =G28*1.025 -> 22961.168 | H29: ton | J29: lwt = | K29: =G29-17500 -> 5461.1683
A30: Wetted Surface (S) | G30: =1.025*G4*((G10*G6)+(1.7*G8)) -> 4637.662 | H30: m²
A31: Faktor Bentuk (K) | G31: =19*(G10*(G6/G5))^2 -> 0.2430862
A33: LCB | G33: 0.0215
A34: Assumptions
A36: Sea Water Temp (Standart Indonesian Sea Temperature) | G36: 25 | H36: ⁰C
A37: Viscosity Kinematics | G37: 8.93e-07
A38: Density of sea water | G38: 1.026 | H38: ton/m3
A53: Holtrop Limitation
A54: Fn <= | B54: 1
A55: Cp = | B55: 0.785
A56: B/T = | B56: =G6/G8 -> 2.3826279
A57: L/B = | B57: =G5/G6 -> 6.0118143
A59: Froude Number
A62: Requirements for Holtrop calculations are Success
A63: Because There is no Froude Number that exceeds the value of 1
A64: Speed | B64: Vs | D64: Froude Number
B65: knot | C65: m/s
A66: Vs + 1 | B66: =$G$9+1 -> 17 | C66: =B66*0.514 -> 8.738 | D66: =C66/(9.8*$G$5)^(1/2) -> 0.23384175
A67: Vs | B67: =$G$9-0 -> 16 | C67: =B67*0.514 -> 8.224 | D67: =C67/(9.8*$G$5)^(1/2) -> 0.22008635
A68: Vs - 1 | B68: =$G$9-1 -> 15 | C68: =B68*0.514 -> 7.71 | D68: =C68/(9.8*$G$5)^(1/2) -> 0.20633095
A69: Vs - 2 | B69: =$G$9-2 -> 14 | C69: =B69*0.514 -> 7.196 | D69: =C69/(9.8*$G$5)^(1/2) -> 0.19257556
A70: Vs - 3 | B70: =$G$9-3 -> 13 | C70: =B70*0.514 -> 6.682 | D70: =C70/(9.8*$G$5)^(1/2) -> 0.17882016
A71: Vs - 4 | B71: =$G$9-4 -> 12 | C71: =B71*0.514 -> 6.168 | D71: =C71/(9.8*$G$5)^(1/2) -> 0.16506476
A72: Vs - 5 | B72: =$G$9-5 -> 11 | C72: =B72*0.514 -> 5.654 | D72: =C72/(9.8*$G$5)^(1/2) -> 0.15130937
A75: Reynold Number
A76: Calculation of Reynold Number
A79: vk is Viscocity Kinematics = 0,000000893
A80: Speed | B80: Vs | D80: Reynolds Number
B81: knot | C81: m/s
A82: Vs + 1 | B82: =$G$9+1 -> 17 | C82: =B82*0.514 -> 8.738 | D82: =C82*$G$5/$G$37 -> 1.394166e+09
A83: Vs | B83: =$G$9-0 -> 16 | C83: =B83*0.514 -> 8.224 | D83: =C83*$G$5/$G$37 -> 1.3121562e+09
A84: Vs - 1 | B84: =$G$9-1 -> 15 | C84: =B84*0.514 -> 7.71 | D84: =C84*$G$5/$G$37 -> 1.2301465e+09
A85: Vs - 2 | B85: =$G$9-2 -> 14 | C85: =B85*0.514 -> 7.196 | D85: =C85*$G$5/$G$37 -> 1.1481367e+09
A86: Vs - 3 | B86: =$G$9-3 -> 13 | C86: =B86*0.514 -> 6.682 | D86: =C86*$G$5/$G$37 -> 1.0661269e+09
A87: Vs - 4 | B87: =$G$9-4 -> 12 | C87: =B87*0.514 -> 6.168 | D87: =C87*$G$5/$G$37 -> 9.8411718e+08
A88: Vs - 5 | B88: =$G$9-5 -> 11 | C88: =B88*0.514 -> 5.654 | D88: =C88*$G$5/$G$37 -> 9.0210741e+08
A92: 1. Calculation Form Factor (1+k1)
A97: a. Calculation of Lr
A101: LR = | B101: =G5*(1-G12+(0.06*G12*G33)/(4*G12-1)) -> 44.240858
A103: b. Calculation of C14
A104: C Stern = | B104: -8
A106: C14 = | B106: 1+0,011Cstern
A107: = | B107: =1+(0.011*B104) -> 0.912
A109: c. Calculation of Form Factor
A114: 1+k1 = | B114: =0.93+(0.487118*B107*(G6/G5)^(1.06806)*(G8/G5)^(0.46106)*(G5/B101)^(0.121563)*(G5^3/G13)^(0.36486)/(1-G12)^0.604247) -> 1.1941774
A116: 2. Calculation of Wetted Surface Area
A118: Cbwl = | B118: (Lpp x Cb)/Lwl
A119: = | B119: =(G4*G10)/G5 -> 0.65384615
A121: Cwp = | B121: 0,248+0,778 Cbwl | D121: =G22/G5/G6 -> 0.068556668
A122: = | B122: =0.248+(0.778*B119) -> 0.75669231
G123: *ABT = 0 BecauseThis ship doesn’t have Bulbuos Bow
A125: S = | B125: =G5*(2*G8+G6)*(G11^0.5)*(0.453+0.4425*G10-0.2862*G11-0.003467*G6/G8+0.3696*B122)+2.38*(0/G10) -> 4581.0357
A127: 3. Calculation of Additional Resistance (Rapp)
A129: a. Additional Resistance for WSA
A132: Sapp = | B132: =(2*G5*G8/100)*(1+25*(G6/G5)^2) -> 47.951689
A134: b. Calculation For 1+K2
A135: 1+K2 for rudder behind the stern = | C135: 1.5
A137: c. Additional Resistance Calculation
A140: Speed | B140: V | D140: Cf | E140: Added Rapp
B141: knot | C141: m/s
A142: Vs + 1 | B142: =$G$9+1 -> 17 | C142: =B142*0.514 -> 8.738 | D142: =0.075/(LOG10(D82)-2)^2 -> 0.0014694003 | E142: =0.5*1.025*(C142^2)*$B$132*($C$135)*D142 -> 4.1357403
A143: Vs | B143: =$G$9-0 -> 16 | C143: =B143*0.514 -> 8.224 | D143: =0.075/(LOG10(D83)-2)^2 -> 0.0014802909 | E143: =0.5*1.025*C143^2*$B$132*($C$135)*D143 -> 3.6906453
A144: Vs - 1 | B144: =$G$9-1 -> 15 | C144: =B144*0.514 -> 7.71 | D144: =0.075/(LOG10(D84)-2)^2 -> 0.0014920181 | E144: =0.5*1.025*C144^2*$B$132*($C$135)*D144 -> 3.2694288
A145: Vs - 2 | B145: =$G$9-2 -> 14 | C145: =B145*0.514 -> 7.196 | D145: =0.075/(LOG10(D85)-2)^2 -> 0.0015047094 | E145: =0.5*1.025*C145^2*$B$132*($C$135)*D145 -> 2.8722616
A146: Vs - 3 | B146: =$G$9-3 -> 13 | C146: =B146*0.514 -> 6.682 | D146: =0.075/(LOG10(D86)-2)^2 -> 0.001518523 | E146: =0.5*1.025*C146^2*$B$132*($C$135)*D146 -> 2.4993286
A147: Vs - 4 | B147: =$G$9-4 -> 12 | C147: =B147*0.514 -> 6.168 | D147: =0.075/(LOG10(D87)-2)^2 -> 0.0015336575 | E147: =0.5*1.025*C147^2*$B$132*($C$135)*D147 -> 2.1508304
A148: Vs - 5 | B148: =$G$9-5 -> 11 | C148: =B148*0.514 -> 5.654 | D148: =0.075/(LOG10(D88)-2)^2 -> 0.0015503678 | E148: =0.5*1.025*C148^2*$B$132*($C$135)*D148 -> 1.8269867
A150: 4. Calculation of Wave Resistance
A152: a. Calculation of C7
A153: C7 = | B153: B/L
A154: = | B154: =G6/G5 -> 0.16633914
A156: b. Calculation of iE
D158: Sudut masuk | E158: 25.5251
A167: iE = | B167: =0.5*E158 -> 12.76255
A170: c. Calculation of C1
...

Sheet DOC 4. ANCHOR 
A1: Anchor Plan, Anchor Chain, and Mooring System
B3: SHIP DATA
B4: Name : MV. Minyak
B5: Type : Oil Tanker
B7: LPP | D7: = | E7: =HOLTROP!G4 -> 137 | G7: m | I7: Main Engine Power | N7: = | O7: 8400 | Q7: kW
B8: LWL | D8: = | E8: =HOLTROP!G5 -> 142.48 | G8: m | I8: Volume Disp | N8: = | O8: =HOLTROP!G13 -> 22401.14 | Q8: m3
B9: Ldisp | D9: = | E9: =HOLTROP!G23 -> 139.74 | G9: m | I9: Endurance | N9: = | O9: 11 | Q9: days
B10: B | D10: = | E10: =HOLTROP!G6 -> 23.7 | G10: m | I10: Displacement | N10: = | O10: =HOLTROP!G29 -> 22961.168 | Q10: ton
B11: H | D11: = | E11: =HOLTROP!G7 -> 13.34 | G11: m | I11: W. Total of Consumable | N11: = | O11: 746.56647 | Q11: ton
B12: T | D12: = | E12: =HOLTROP!G8 -> 9.947 | G12: m
B13: Vs | D13: = | E13: =HOLTROP!G9 -> 16 | G13: Knot
B14: Cb | D14: = | E14: =HOLTROP!G10 -> 0.68
B15: Cp | D15: = | E15: =HOLTROP!G12 -> 0.69
A18: A. Anchor Calculation
B20: 1. Equipment Number
C54: Deckhouse
C55: Ss | D55: = | E55: 0.25 * B
D56: = | E56: =0.25 * E10 -> 5.925
C58: a | D58: = | E58: =E11-E12 -> 3.393
C59: h1 | D59: = | E59: 2.5
D60: = | E60: =12 * E59 -> 30 | F60: m^2
C61: h2 | D61: = | E61: 2.5
E62: =12 * E61 -> 30
C63: h3 | D63: = | E63: 2.5
E64: =12 * E63 -> 30
C65: h4 | D65: = | E65: 2.5 | F65: navigation deck
E66: =12 * E65 -> 30
C67: B/8 | D67: = | E67: =E74/8 -> 2.9625
C69: A1 | D69: = | E69: 70.1925 | F69: m^2 | G69: == | H69: Area profile forecastle
D70: = | E70: =E56*E63 -> 14.8125
D71: =
C73: Δ | D73: = | E73: =O10 -> 22961.168 | F73: ton | J73: K | K73: = | L73: 1
C74: B | D74: = | E74: =E10 -> 23.7 | F74: m | J74: m | K74: = | L74: 2
C75: H | D75: = | E75: =E11-E12+10 -> 13.393 | F75: m | J75: n | K75: = | L75: 0.1
C76: A | D76: = | E76: =E60+E62+E64+E66+E69-6.37 -> 183.8225 | G76: m2 | H76: (based on measurement on autocad)
C77: Eq. N | D77: = | E77: K * Δ2/3 + m * B * H + n * A
D78: = | E78: =L73 * E73^(2/3) + (2*E10*E75) + (E76/10) -> 1461.0578
AI123: Sumber Anchor
AI124: https://www.ysmarines.com/products/detail/ac-14-high-holding-power-hhp-anchor.html#:~:text=AC%2D14%20High%20Holding%20Power(HHP)%20Anchor,-AC%2D14%20anchor&text=The%20lighter%20weight%20which%20is,ships%2C%20car%20carries%20and%20supertankers.
B135: From the table above, the ship will use anchor, chain, and rope as following :
B136: a. Anchor
C144: Brand | D144: = | E144: YS Marines
C145: Type | D145: = | E145: AC-14 Stockless HHP Anchor
C146: Mass Req. | D146: > | E146: for HHP, min 75 % of recommended mass
D147: > | E147: =5250*0.75 -> 3937.5 | F147: kg
C149: Mass | D149: = | E149: 5175 | F149: kg
C150: Amount | D150: = | E150: 2
B153: b. Chain
C154: Length | D154: = | E154: 577.5 | F154: m
C155: Diameter | D155: = | E155: 73 | F155: mm | H155: (Grade 1)
D156: = | E156: 64 | F156: mm | H156: (Grade 2)
D157: = | E157: 56 | F157: mm | H157: (Grade 3)
B159: c. Towline
D160: L Min | E160: = | F160: 220 | G160: m
D161: Break Load | E161: = | F161: 1024 | G161: kN
B163: d. Hawser
D164: Amount | E164: = | F164: 5
D165: L min | E165: = | F165: 190 | G165: m
D166: Break Load | E166: = | F166: 384 | G166: kN
B168: 2. Chain Locker
B169: Based on GL Hull i-1-1 Section 18: E. Chain Locker, the minimum required stowage capacity without mudbox for the two bow anchor chains is as follow :
B171: a. Volume of chain locker
C172: S | D172: = | E172: 1.1 * d2 * l / 105 | I172: ( m3 )
D173: Where :
C174: d | D174: = | E174: Chain diameter | I174: (mm)
C175: l | D175: = | E175: Chain Length | I175: (m)
C177: S | D177: = | E177: =1.1* (E156)^2 * E154/10^5 -> 26.01984 | F177: m3
B179: b. Minimum Base Area Calculation
C180: Calulate minimum base area of chain locker and mud box :
C181: Amin | D181: = | E181: 33 x dchain2
D182: = | E182: =(33*E156/1000)^2 -> 4.460544 | F182: m2
C184: In this design, the chain locker will have dimension of :
C185: Length | D185: = | E185: 3 | F185: m
C186: Breadth | D186: = | E186: 3 | F186: m
C187: Height | D187: = | E187: 3 | F187: m
C188: Volume | D188: = | E188: =E185*E186*E187 -> 27 | F188: m3
B190: For two bow anchor, the total volume of chain lockers are :
C191: Total Vol | D191: = | E191: =2*E188 -> 54 | F191: m3
B192: the bottom side there is addition for mud box with heigth of 700 mm and addition 300 mm for cement
B194: And for mud box with 700 mm heigth is :
C195: Volume | D195: = | E195: Min. Base Area * Mud Box Height
D196: = | E196: =E182*0.7 -> 3.1223808 | F196: m3
B198: 3. Windlass Pulling Force:
B199: Pulling Force for one Anchor determined by the following data :
B200: a. Anchor Weight (Ga)
C201: Ga | D201: = | E201: =E202*2.2 -> 11385 | F201: lb
D202: = | E202: =E149 -> 5175 | F202: Kg
B203: b. Chain block diameter(dc)
C204: Taken | D204: = | E204: =E156 -> 64 | F204: mm
B206: c. Windlass Pulling Force
B207: (based on DNV GL - RU SHIP - Part 3 Chapter 11 Section 1: 6.3 Mechanical Design)
C216: So, windlass pulling force :
C217: Z | D217: = | E217: 37.5 * dc2
D218: = | E218: =37.5*E204^2 -> 153600 | F218: N
C219: Zmax | D219: = | E219: =1.5*E218 -> 230400 | F219: N | G219: (Z+50%)
D220: = | E220: =E219/1000 -> 230.4 | F220: kN
B222: d. Windlass Selection
B223: From the data, will be used LMS Product WDEG Windlass with specification table on attachment IX specification of equipments
C225: Brand | D225: = | E225: MORDEC
C226: Type | D226: = | E226: WDEG
...

Sheet DOC 5
A1: LOADING- UNLOADING SYSTEM BASED ON CARGO AND HATCH COVER
B4: SHIP DATA
B5: Name : MV. Minyak
B6: Type : Oil Tanker
B8: LPP | D8: = | E8: 139.85 | G8: m | I8: Main Engine Power | N8: = | O8: 4480 | Q8: kW
B9: LWL | D9: = | E9: 145.444 | G9: m | I9: Volume Disp | N9: = | O9: 23583.524 | Q9: m3
B10: Ldisp | D10: = | E10: =(E9+E8)/2 -> 142.647 | G10: m | I10: Endurance | N10: = | O10: 11 | Q10: days
B11: B | D11: = | E11: 23.535 | G11: m | I11: Displacement | N11: = | O11: =1.025*O9 -> 24173.112 | Q11: ton
B12: H | D12: = | E12: 12.354 | G12: m | I12: W. Total of Consumable | N12: = | O12: 746.56647 | Q12: ton
B13: T | D13: = | E13: 9.0537 | G13: m
B14: Vs | D14: = | E14: 13 | G14: Knot
B15: Cb | D15: = | E15: 0.7759
B16: Cp | D16: = | E16: 0.785
A18: A. CARGO OIL SYSTEM
B20: 1. Cargo Oil Main Pump Capacity
B21: Estimated Time for Loading/Unloading : | J21: 12 | K21: hours
C22: Q | D22: = | E22: Vcargo
E23: t
D24: = | E24: ='DOC 3 ATTACH'!E82:F82/J21 -> 1451.4052 | F24: m3/hour
D25: = | E25: =E24/3600 -> 0.4031681 | F25: m3/s
B27: 2. Diameter of Cargo Oil Main Pipe
C28: Flow rate of water | G28: = | H28: 3 | J28: m/s
C29: Q | D29: = | E29: Av
C30: A | D30: = | E30: Q/v
C31: D | D31: = | E31: √((4Q)/(vπ))
C32: D | D32: = | E32: =((4*E25/(H28*3.14))^(1/2)) -> 0.41375916 | F32: m
D33: = | E33: =E32*1000 -> 413.75916 | F33: mm
D34: = | E34: =E33*0.0393701 -> 16.28974 | F34: inch
C35: take D | D35: = | E35: =ROUNDUP(E34,0) -> 17 | F35: inch | G35: (based on table)
C55: stainless steel pipe ASME B36.19M-1985
C56: Nominal Pipe Size | G56: : | H56: 20 | I56: inch
C57: Outside Diameter | G57: : | H57: 506 | I57: mm
C58: Inside Diameter | G58: : | H58: 500 | I58: mm
C59: Thickness | G59: : | H59: 4.78 | I59: mm
C60: Material | G60: : | H60: Stainless Steel
C61: Standard | G61: : | H61: ASME B36.19M-1985
B63: 3. Head of Cargo Oil Pump
C64: H | D64: = | E64: Hs + Hp + Hv + Total Headloss
C65: Hs | D65: = | E65: from suction well to shore connection
C66: Hs | D66: = | E66: Z2-Z1 | J66: Z2: | K66: Discharge | M66: = | N66: 12.35
D67: = | E67: =N66-N67 -> 11 | F67: m | J67: Z1: | K67: Suction | M67: = | N67: 1.35
C69: Hp | D69: = | E69: Pdischarge-Psuction
E70: ρg
D71: = | E71: 0 | F71: (pressure at discharge and suction are same)
C73: Hv | D73: = | E73: (vdischarge2-vsuction2)
E74: 2g
D75: = | E75: 0 | F75: (flow rate ate discharge and suction are same)
C77: Total Headloss
C78: Suction Side
D79: Headloss Major | J79: Viscosity Crude Oil of 22,3 API at
D80: Rn | E80: = | F80: D*v | J80: 40oC | K80: is | L80: 2.2349e-06 | O80: m2/s
F81: Viscosity | L81: =L80*1000000 -> 2.2349 | O81: cs
D82: Rn | E82: = | F82: =(E32*H28)/L80 -> 555406.28 | H82: =_xlfn.IFS(F82<=2300,"Laminar",F82<=3500,"Transitional",F82>3500,"Turbulent") -> Turbulent | J82: Rn>3500
D84: Material coefficient. | K84: Carbon steel, so the material
K85: coefficient is | N85: = | O85: 0.015
D93: Relative Roughness | H93: = | I93: =O85/H58 -> 3e-05
D94: After getting the relative roughness and reynolds number, we can get the
D95: friction losses (f) by seeing the moody diagram.
D97: Friction losses (f)
D98: f | E98: = | F98: 0.013727144
D100: Headloss Major
D101: Hlmajor | F101: = | G101: f*L*v2/(D*2g)
D102: where:
E103: L: | F103: Suction side length | J103: = | K103: 210 | L103: m
E104: V: | F104: flow rate | J104: = | K104: =H28 -> 3 | L104: m/s
D105: Hlmajor | F105: = | G105: =F98*K103*(K104^2)/(E32*2*9.8) -> 3.1991771 | I105: m
D107: Headloss Minor
D108: Accesories
D109: No | E109: Type | H109: n | I109: k | J109: n*k
D110: 1 | E110: Globe Valve | H110: 12 | I110: 0.17 | J110: =H110*I110 -> 2.04
D111: 2 | E111: Elbow 90 | H111: 8 | I111: 0.9 | J111: =H111*I111 -> 7.2
D112: 3 | E112: Strainer | H112: 1 | I112: 0.58 | J112: =H112*I112 -> 0.58
D113: 4 | E113: T Joint | H113: 8 | I113: 1 | J113: =H113*I113 -> 8
I114: Σn*k | J114: =SUM(J110:J113) -> 17.82
D116: Hlminor | F116: = | G116: (Σn*k)*v2/2g
F117: = | G117: =(J114*(K104^2))/(2*9.8) -> 8.1826531 | I117: m
E119: Total Headloss | F119: = | G119: =G117+G105 -> 11.38183 | I119: m
C121: Discharge Side
D122: Headloss Major | J122: Viscosity Crude Oil of 22,3 API at
D123: Rn | E123: = | F123: D*v | J123: 40oC | K123: is | L123: 0.00022349
F124: Viscosity
D125: Rn | E125: = | F125: =F82 -> 555406.28 | H125: Turbulent | J125: Rn>2300
D127: Friction losses (f)
D128: f | E128: = | F128: =F98 -> 0.013727144
D130: Headloss Major
D131: Hlmajor | F131: = | G131: f*L*v2/(D*2g)
D132: where:
E133: L: | F133: Discharge Length | J133: = | K133: 95 | L133: m
E134: V: | F134: flow rate | J134: = | K134: =K104 -> 3 | L134: m/s
D135: Hlmajor | F135: = | G135: =(F128*K133*(K134^2))/(E32*2*9.8) -> 1.4472468 | I135: m
D137: Headloss Minor
D138: Accesories
D139: No | E139: Type | H139: n | I139: k | J139: n*k
D140: 1 | E140: Globe Valve | H140: 6 | I140: 0.17 | J140: =H140*I140 -> 1.02
D141: 2 | E141: Elbow 90 | H141: 4 | I141: 0.9 | J141: =H141*I141 -> 3.6
D142: 3 | E142: Strainer | H142: 0 | I142: 0.58 | J142: =H142*I142 -> 0
D143: 4 | E143: T Joint | H143: 4 | I143: 1 | J143: =H143*I143 -> 4
I144: Σn*k | J144: =SUM(J140:J143) -> 8.62
D146: Hlminor | F146: = | G146: (Σn*k)*v2/2g
F147: = | G147: =(J144*(K134^2))/(2*9.8) -> 3.9581633 | I147: m
...
