Workbook

Sheet JARAK
B2: GENERAL ARRANGEMENT
B4: Nama Mahasiswa | E4: : Daffa Gabillah Maulana Gapur
B5: Dosen
B6: DATA KAPAL
B8: Tipe Kapal | D8: Tanker
B9: IMO-N
B10: Klasifikasi
B11: Panjang (Lpp) | C11: = | D11: =HARVARLD!F6 -> #REF! | E11: m
B12: Lebar (B) | C12: = | D12: 23.7 | E12: m
B13: Tinggi Geladak (H) | C13: = | D13: 13.34 | E13: m
B14: Sarat Air (T) | C14: = | D14: 9.947 | E14: m
B15: Kecepatan Dinas (Vs) | C15: = | D15: 16 | E15: knot
B17: LWL | C17: = | D17: =0.04 * D11 + D11 -> #REF! | E17: m
B19: Cb | C19: = | D19: 0.68
B21: Vdisplacement | D21: =D17 * D12 * D14 * D19 -> #REF! | E21: mᶟ
B22: Jarak Gading (frame spacing)
B24: (Lpp) Panjang | C24: =D11 -> #REF!
B25: (B) Lebar | C25: =D12 -> 23.7
B26: (H) Tinggi Geladak | C26: =D13 -> 13.34
B27: (T) Sarat Air | C27: =D14 -> 9.947
B29: A0 | C29: =(C24/500)+0.48 -> #REF! | D29: meter
C30: 800 | D30: mm
B32: Harga Jarak gading :
B33: Pada sekat ceruk buritan | C33: < 600 | D33: mm
B34: Pada kamar mesin | C34: < 1000 | D34: mm
B35: Pada ruang muat | C35: < 1000 | D35: mm
B36: Pada sekat ceruk haluan | C36: < 600 | D36: mm
B38: Ap ke 0.35T
B39: Panjang Awal 0.35T = | C39: =0.35*C27 -> 3.48145 | D39: m
B40: Jarak Gading = | C40: 600 | D40: mm
B41: Jumlah = | C41: =(C39*1000)/C40 -> 5.8024167 | D41: Jarak Gading
B42: Pembulatan Menjadi = | C42: 4 | D42: Jarak Gading
B43: Panjang Sebenarnya = | C43: =C42*C40 -> 2400 | D43: mm
B44: Nomor Gading = | C44: 4
B46: Sekat Ceruk Buritan (streamtube bulkhead)
B47: Minimal 3 Jarak gading dari 0.35T
B48: Jumlah Jarak Gading = | C48: 3
B49: Jarak Gading = | C49: 600 | D49: mm
B50: Panjang dari 0.35T = | C50: 1800 | D50: mm
B51: Nomor Jarak Gading = | C51: 7
B52: Total Panjang Streamtube dari AP | D52: 4200 | E52: mm
B54: Sekat Kamar Mesin (engine room bulkhead)
B55: Panjang, 17-20% Lpp dari AP
B56: 17% = | C56: =0.17*C24 -> #REF!
B57: Panjang dari Sekat Streamtube
B58: Panjang Awal = | C58: =(C56*1000)-D52 -> #REF! | D58: mm
B59: Jarak Gading = | C59: 700 | D59: mm
B60: Jumlah Jarak Gading = | C60: =C58/C59 -> #REF! | D60: mm
B61: Pembulatan = | C61: 23 | D61: Jarak Gading
B62: Panjang Sebenarnya = | C62: =C61*C59 -> 16100 | D62: mm
B63: Nomor Jarak Gading = | C63: =7+C61 -> 30
B65: Sekat Ruang Muat (cargo hold)
B66: Panjang sekat ruang muat (awal) = | D66: 80532
B67: Jarak gading = | C67: 700 | D67: mm
B68: Jumlah jarak gading = | C68: =D66/700 -> 115.04571 | D68: mm
B69: Pembulatan, menjadi = | C69: 115 | D69: Jarak Gading
B70: Panjang sebenarnya = | C70: =C69*C67 -> 80500
B71: Nomor jarak gading = | C71: =C63+C69 -> 145
B73: Sekat Ceruk Haluan (collision bulkhead)
B74: 5-8% dari FP
B75: 8% = | C75: =8%*C24 -> #REF! | D75: =8769/600 -> 14.615
B76: Sekat Ceruk Haluan dari gading
B77: Jarak Gading = | C77: 600
B78: Nomor jarak gading = | C78: 163
B80: Gading Pada Sekat | C80: Panjang (mm) | E80: Jarak Gading | G80: Jumlah Gading | I80: No Jarak Gading
B81: AP ke 0.35T | C81: 1800 | E81: 600 | G81: 3 | I81: 0-4
B82: Sekat Ceruk Buritan (streamtube bulkhead), min 3 fs dari 0.35T | C82: 1800 | E82: 600 | G82: 3 | I82: 4-7
B83: Sekat Kamar Mesin (engine room bulkhead),, 17-20% Lpp dari AP, Diambil 18.5% | C83: =C69 -> 115 | E83: 700 | G83: 14 | I83: 7-30
B84: Sekat Ruang Muat (cargo hold) | C84: =C77 -> 600 | E84: 700 | G84: 80 | I84: 30-145
B85: Sekat Ceruk Haluan (collision bulkhead), 5-8% Lpp | E85: 600
B86: Jumlah Sekat Lintang Kedap Air
B88: L (m) | C88: Letak Ruang Mesin | F88: Kedap Air = | G88: Frame/4
C89: Belakang | D89: Lainnya | G89: =110/4 -> 27.5
B90: L ≤ 65 | C90: 3 | D90: 4 | F90: Cargo 1 | G90: 27
B91: 65 < L ≤ 85 | C91: 4 | D91: 4 | F91: Cargo 2 | G91: 27
B92: 85 < L ≤ 105 | C92: 4 | D92: 5 | F92: Cargo 3 | G92: 28
B93: 105 < L ≤ 125 | C93: 5 | D93: 6 | F93: Cargo 4 | G93: 28
B94: 125 < L ≤ 145 | C94: 6 | D94: 7 | G94: =SUM(G90:G93) -> 110
B95: 145 < L ≤ 165 | C95: 7 | D95: 8
B96: 165 < L ≤ 185 | C96: 8 | D96: 9
B97: L > 185 | C97: Dipetimbangkan
B99: Double Bottom
B101: h = 350 + 45 ( B ) mm
B102: hmin = 600 mm
B104: Double Bottom | C104: =350+(45*D12) -> 1416.5
B106: DoubleHull
B107: untuk kapal tanker menggunakan hull untuk mencegah suatu kebocoran
B108: Menurut BKI 2014 Vol II (Rules For Hull)
B109: Double Hull ( w ) = | C109: 0,4 + 2,4 x dwt/20000
B110: Dimana :
B111: DWT = | C111: Displacement - LWT
B112: LWT = | C112: 1/3 x Vdisplacement
B113: DWT = | C113: 2/3 x Vdisplacement
B114: = | C114: =(2/3)*D21 -> #REF!
B116: Double Hull ( w ) = | C116: 0,4 + 2,4 x dwt/20000
B117: = | C117: =0.4+(2.4*(C114/20000)) -> #REF!
C127: = | D127: 1.75 * LPP
C128: = | D128: =1.75 * D11 -> #REF! | E128: m

Sheet HARVARLD
B2: Data Utama Kapal | F2: Metode Harvald
D4: Jenis Kapal | F4: Product Oil Tanker
D6: Lpp | E6: = | F6: ='[1]General Arrangement'!$D$6 -> #REF! | G6: m | K6: m_to_ft | L6: = | M6: 3.28084 | N6: ft
E7: = | F7: =F6*$M$6 -> #REF! | G7: ft
D8: Lwl | E8: = | F8: =4/100*F6+F6 -> #REF! | G8: m
F9: =F8*$M$6 -> #REF! | G9: ft
D10: 0.96 * LWL | E10: = | F10: =0.96 * F8 -> #REF! | G10: m
D12: 0.97 * LWL | E12: = | F12: =0.97 * F8 -> #REF! | G12: m
D14: Ldisplacement | E14: = | F14: =(F6+F8)*0.5 -> #REF! | G14: m | K14: Perhitungan Data Secondary
F15: =F14*$M$6 -> #REF! | G15: ft
D16: Lebar (B) | E16: = | F16: 23.7 | G16: m | K16: Kecepatan dalam m/s
E17: = | F17: =F16*$M$6 -> 77.755908 | G17: ft
D19: B/2 | E19: = | F19: =F16/2 -> 11.85 | G19: m
E20: = | F20: =F17/2 -> 38.877954 | G20: ft
D23: Sarat Air (T) | E23: = | F23: 9.947 | G23: m | K23: 1 knot = | N23: 0.514444 | O23: m/s
F24: =F23*$M$6 -> 32.634515 | G24: ft
D25: Tinggi Geladak (H) | E25: = | F25: 13.34 | G25: m | K25: =F27 -> 16 | L25: knot | M25: = | N25: =F27*N23 -> 8.231104 | O25: m/s
F26: =F25*$M$6 -> 43.766406 | G26: ft
D27: Kecepatan (Vs) | E27: = | F27: 16 | G27: knot
D28: Vdisplacement | E28: = | F28: =F8*F16*F23*F31 -> #REF! | G28: mᶟ | K28: g = | N28: 9.81 | O28: m/s²
D29: Displacement | E29: = | F29: =F28 * N29 -> #REF! | G29: ton | K29: \rho | M29: = | N29: 1.026 | O29: ton/m^3
D30: Koefisien midship/Cm (β) | E30: = | F30: 0.982 | K30: e% = | N30: 0.005 | O30: didepan midship
D31: Koefisien blok/Cb (δ) | E31: = | F31: 0.68
D32: Koefisien prismatik/Cp (ϕ) | E32: = | F32: 0.69
B33: Tahanan Kapal Metode Harvald
B34: 1 | C34: Menghitung Reynold Number (Rn)
C35: Rn = | D35: (𝑉 𝑥 𝐿𝑤𝑙)/𝑣
G36: Dengan viskositas kinematic air laut pada temperatur 22C adalah 0.978875*10^-6
C37: Rn = | D37: =N25*F8/(0.978875*10^-6) -> #REF!
B38: 2 | C38: Menghitung Froude Number (Fn)
C39: Fn =
C41: Fn = | D41: =N25/(N28*F8)^(1/2) -> #REF!
B42: 3 | C42: Mencari Nilai Luas Permukaan Basah
C43: Luas permukaan basah adalah bagian luas permukaan kapal yang tercelup di air, untuk menghitungnya dilakukan
C44: pendekatan dengan rumus sebagai berikut :
C45: S = | D45: 1.026 * Lwl * (Cb * B + 1.7 * T)
C46: = | D46: =1.026*F8*((F31*F16)+(1.7*F23)) -> #REF! | F46: m³
B48: 4 | C48: Menghitung Koefisien Tahanan Kapal
C49: a. | D49: Menghitung Koefisien Gesek (T)
D50: Untuk menghitung tahanan gesek kapal perlu untuk dicari terlebih dahulu nilai dari koefisien geseknya, dalam
D51: metode halvard rumus yang digunakan adalah rumus sesuai kesepakatan ITTC 1957 yaitu
D52: Cf =
D54: Cf = | F54: =0.075/((LOG(D37)-2)^2) -> #REF!
C55: b. | D55: Menghitung Tahanan Sisa (Cr)
D56: Mencari L/▼⅓
D57: Untuk mencari Cr pada grafik Guldhammer terlebih dulu mencari nilai L/▼⅓, didapat nilainya
D58: adalah sebagai berikut
D59: L/▼⅓ = | F59: =F8/(F28)^(1/3) -> #REF!
D60: Mencari Cr ( Residual Resistance Coeficient ) menggunakan grafik Guldhammer
D61: Dari mencari L/▼⅓ didapatkan nilainya adalah | H61: =F59 -> #REF!
D62: Hasil berada di antara nilai 4.5 sampai 5.0 jadi yang menjadi patokan adalah kedua grafik ini
D63: Dimana : | F63: Fn = 0.20 dan Cp = 0.72 ( kecepatan 12.99 knot)
R69: 0.04972
R70: =20.12*0.04972 -> 1.0003664
R71: =13.76*0.04972 -> 0.6841472
S72: =R71*2 -> 1.3682944
D78: Lalu setelah mendapat nilai Cr dari tiap grafik maka nilai Cr pada saat L/▼⅓ adalah
D79: 5.36768, dengan perhitungan sebagai berikut :
D80: a | F80: b
D81: L/▼⅓ | F81: Cr
C82: 1 | D82: 5 | F82: 0.001225 | I82: Interpolasi = | J82: 1b + [((2a - 1a) x (3b - 1b)) / (3a - 1a)]
C83: 2 | D83: =F59 -> #REF! | I83: Cr = | J83: =F82+(((D83-D82)*(F84-F82))/(D84-D82)) -> #REF! | K83: 10^3 Cr = | N83: =J83*1000 -> #REF!
C84: 3 | D84: 5.5 | F84: 0.001
D86: a | F86: b
D87: L/▼⅓ | F87: Cr
C88: 1 | D88: 4 | F88: 251.34 | I88: Interpolasi = | J88: 1b + [((2a - 1a) x (3b - 1b)) / (3a - 1a)]
C89: 2 | D89: 5 | I89: Cr = | J89: =F88+(((D89-D88)*(F90-F88))/(D90-D88)) -> 251.6865
C90: 3 | D90: 6 | F90: 252.033
C94: c. | D94: Melakukan koreksi Lcb, koreksi B/T
D95: Koefisian tahanan sisa perlu dicari koreksinya karena merupakan nilai dari tahanan selain tahanan gesek
D96: sehingga perlu dikoreksi oleh beberapa faktor antara lain :
D97: Koreksi B/T
D98: B/T = | F98: =F16/F23 -> 2.3826279
D99: Koreksi B/T (Cr₂) adalah sebagai berikut :
D100: 10^3 Cr2 = | F100: 10^3 Cr(B/T = 2.5) + 0.16 (B/T - 2.5) | S100: =318.42/0.2 -> 1592.1 | T100: =S100*D41 -> #REF!
F101: =(N83+(0.16*(F98-2.5))) -> #REF!
D102: Cr2 = | F102: =(N83+(0.16*(F98-2.5)))/1000 -> #REF! | S102: =79.51*1.25771 -> 100.00052 | T102: =50.44*1.25771 -> 63.438892
D103: Koreksi LCB
D104: LCB pada tugas Rencana Garis (Desain 1) adalah
D105: LCB dari tugas rencana garis adalah
D106: LCB sebenarnya = e% x Ldis
I107: Ldisp = | J107: =F14 -> #REF! | K107: m
D108: LCB sebenarnya = | F108: =N30*J107 -> #REF! | G108: m
D110: LCB standart dilihat pada grafik 5.5.15 diperoleh = | I110: 0.0035
D112: LCB standart = | F112: =J107*I110 -> #REF! | G112: m
D114: ∆ LCB = LCBsebenarnya - LCB standart ( dalam persen L)
D115: ∆ LCB = | F115: =F108-F112 -> #REF! | G115: m
D117: ∂10^3 Cr/ ∂LCB = | F117: 0.113 | G117: (dilihat pada grafik 5.5.16 Buku Tahanan Kapal)
D119: 10^3 Cr = 10^3 Cr (standart) +∂10^3 Cr / ∂LCB x ∆ LCB
D120: 10^3Cr3 = | F120: =(10^3*J83)+F117*F115 -> #REF!
D121: Cr3 = | F121: =F120/1000 -> #REF!
C123: d. | D123: Menghitung bos propeller, bracket, dan poros baling - baling
D124: Karena adanya bos propeller, harga Cr dinaikkan 3-5%
D125: diambil 3 %
D126: Cr4 = | F126: (1+3%)xCr
D127: = | F127: =(1+3%)*F121 -> #REF!
D129: Untuk bracket dan poros baling - baling, maka Cr dari boss propeller dinaikkan 5-8%
D130: diambil 5%
D131: Cr5 = | F131: (1+5%) x 0,000947839
D132: = | F132: =(1+5%)*F127 -> #REF!
...

Sheet HOLTROP
B2: Data Utama Kapal | E2: Metode Holtrop | I2: Perhitungan Data Secondary
I3: Kecepatan dalam m/s
B4: Jenis Kapal | E4: CHEMICAL TANKER | I4: 1 knot = | J4: 0.514444 | K4: m/s
B5: Lpp | E5: =HARVARLD!F6 -> #REF! | G5: m | I5: 12.99 knot= | J5: =E11*J4 -> 8.231104 | K5: m/s
B6: Lwl | E6: =HARVARLD!F8 -> #REF! | G6: m
B7: Ldisplacement | E7: =HARVARLD!F14 -> #REF! | G7: m | I7: g = | J7: 9.81 | K7: m/s²
B8: Lebar (B) | E8: =HARVARLD!F16 -> 23.7 | G8: m | I8: e% = | J8: =HARVARLD!N30 -> 0.005 | K8: didepan
B9: Sarat Air (T) | E9: =HARVARLD!F23 -> 9.947 | G9: m | I9: ρ air laut | J9: 1.026
B10: Tinggi Geladak (H) | E10: =HARVARLD!F25 -> 13.34 | G10: m | I10: 1 kW = | J10: =HARVARLD!I184 -> 1.3596193 | K10: HP
B11: Kecepatan (Vs) | E11: =HARVARLD!F27 -> 16 | G11: knot
B12: Vdisplacement | E12: =HARVARLD!F28 -> #REF! | G12: mᶟ
B13: Koefisien midship/Cm (β) | E13: =HARVARLD!F30 -> 0.982
B14: Koefisien blok/Cb (δ) | E14: =HARVARLD!F31 -> 0.68 | I14: =E7*E8*E9*E14 -> #REF! | J14: =I14*J9 -> #REF!
B15: Koefisien prismatik/Cp (ϕ) | E15: =HARVARLD!F32 -> 0.69
B16: LCB | E16: =J8*E7 -> #REF!
B17: LOA | E17: ='[2]Lines Plan'!$B$9 -> #REF!
B18: Langkah Perhitungan
B19: 1 | C19: Menghitung Froude Number (Fn)
C20: Fn = | D20: 𝑉/(√𝑔 𝑥 𝐿pp)
C21: = | D21: =J5/(J7*E5)^(1/2) -> #REF!
C23: CWP = | D23: 0.180+0.860∙CPdisp
C24: = | D24: =(0.18)+(0.86*E15) -> 0.7734
B26: 2 | C26: Menghitung Volume Displacement
C27: Vdisp = | D27: Lwl x B x T x Cb wl
C28: = | D28: =E6*E8*E9*E14 -> #REF!
B30: 3 | C30: Menghitung Berat Displacement
C31: Ldisp = | D31: Vdisp x ρ air laut
C32: = | D32: =D28*J9 -> #REF!
B34: 4 | C34: Luas Permukaan Basah (S)
C35: S = | D35: L (2T + B)(Cm0,5) (0,453 + 0,4425 Cb - 0,2862 Cm - 0,003467 (B/T)
C36: = | D36: =E6*(2*(E9)+E8)*(E13^0.5)*(0.453+0.4425*(E14)-0.2862*(E13)-0.003467*(E8/E9)+0.396*(D24))+0 -> #REF!
B38: 5 | C38: Menghitung Frictional Ressistance According to the ITTC Formula (Rf)
B39: a | C39: Menghitung Reynold Number
C40: Rn = | D40: (Vs x Lwl)/υ
C41: = | D41: =(J5*E6)/(0.8847*10^-6) -> #REF!
B43: b | C43: Menghitung LR
C44: LR = | D44: L (1 - Cp + 0.06 x Cp x Lcb /(4 x Cp -1)) | G44: υ = | H44: viskositas kinematis air laut pada 280
C45: = | D45: =E6*(1-E15+0.06*E15*E16/(4*E15-1)) -> #REF! | G45: υ = | H45: 0,8847 x 10^-6
G46: υ = | H46: =0.8847*10^-6 -> 8.847e-07 | I46: m2/s
B47: c | C47: Koefisien Gesek (CF)
C48: CF = | D48: 0,075/ (Log Rn-2)2
C49: = | D49: =0.075/(LOG(D41)-2)^2 -> #REF!
B52: d | C52: Menentukan nilai Cstern sesuai dengan nilai yang ditentukan pada tabel
C54: Cstern | D54: after body
C55: -25 | D55: barge shaped form
C56: -8 | D56: V-shaped section
C57: 0 | D57: normal shape of after body
C58: 10 | D58: U-shaped section (with hogner stern)
B60: e | C60: Menghitung nilai C14
C76: Maka didapat nilai Cstern = 8
C78: C14 = | D78: 1 + 0,011 x Cstern
C79: = | D79: =1+0.011*8 -> 1.088
B81: f | C81: Menghitung nilai (1+K)
C82: (1+ K) = | D82: 0,93 + 0,487118 x C14 x (B/L)1,06806 (T/L) 0,46106 (L/LR)0,121563 (L3/▼) 0,36486 (1-Cp)-0,604247
C83: = | D83: =0.93+(0.487118*D79*((E8/E6)^1.06806))*(E9/E6)^0.46106*(E6/D45)^0.121563*(E6^3/D28)^0.36486*(1-E15)^(-0.604248) -> #REF!
B85: g | C85: Jadi nilai tahanan gesek kapal (RF) adalah
C86: RF = | D86: 1/2 ρ CF (1+k1) S V2
C87: = | D87: =0.5*(J9*D49*D83*D36*(J5^2)) -> #REF!
B89: 6 | C89: Menghitung Appendage Resistance (RAAP)
C90: RAPP = | D90: 1/2 ρ V2 SAPP(1+k2)eq CF
C92: Approximate 1+K2 Values
C93: 1,5 - 3,0 | D93: rudder behind skeg
C94: 1,3 - 1,5 | D94: ruder behind stem
C95: 2,8 | D95: twin-screw balance rudders
C96: 3 | D96: saft bracket
C97: 1,5 - 2,0 | D97: skeg
C98: 3 | D98: strut bossing
C99: 2 | D99: hull bossing
C100: 2,0 - 4,0 | D100: shaft
C101: 2,8 | D101: stabilizer fins
C102: 2,7 | D102: dome
C103: 1,4 | D103: bilge keel
B105: a | C105: Perhitungan SAPP boss
C106: SBOSS = | D106: 1,5 x π x D²
C107: = | D107: =1.5*(22/7)*(D110^2) -> 6.7168033 | E107: m²
C109: DBOSS = | D109: 0,12 x T
C110: = | D110: =0.12*E9 -> 1.19364 | E110: m
C112: c1 = | D112: untuk faktor tipe kapal
C113: = | D113: 1,0 untuk kapal umum
C114: = | D114: 0,9 untuk bulk carier dan tanker dengan displacement ≥ 50,000 ton
C115: = | D115: 1,7 untuk tug dan trawler
C116: c2 = | D116: untuk faktor tipe rudder
C117: = | D117: 1,0 untuk kapal umum
C118: = | D118: 0,9 semi spade rudder
C119: = | D119: 0,8 untuk double rudder
C120: = | D120: 0,7 untuk high lift rudder
C121: c3 = | D121: untuk faktor profil rudder
C122: = | D122: 1,0 untuk NACA-profil dan plat rudder
C123: = | D123: 0,8 untuk hollow profil
... C126: = | D126: 1,5 untuk rudder outside the propeller jet
C128: diambil : | D128: c1 = | E128: 1 | F128: Kapal umum dan Δ < 50,000 ton
D129: c2 = | E129: 1 | F129: Tipe kemudi kapal umum
D130: c3 = | E130: 1 | F130: Profil NACA dan kemudi plat,
D131: c4 = | E131: 1 | F131: Untuk kemudi dibelakang prop,
C133: SAPP = | D133: c1 x c2 x c3 x c4 (1,75 x L x T / 100)
C134: = | D134: =0.9*1*1*1*(1.75*E6*E9/100) -> #REF!
C136: ƩSAPP = | D136: SBOSS + SAPP
C137: = | D137: =D107+D134 -> #REF!
C139: type of appendage | E139: SAPP | F139: 1 + K2 | G139: SAPP (1+K2)
E140: m2
...

Sheet EN & GEAR
B2: Data Engine
B3: Merk = | C3: Wartsila | E3: 1 kW = | F3: 1.359619 | G3: HP
B4: Type = | C4: 7L46F | E4: 1 HP = | F4: 0.7355 | G4: kW
B5: Cycle = | C5: 4 stroke
B6: Power max = | C6: 8400 | D6: kW
C7: =C6/F4 -> 11420.802 | D7: HP
B8: Cylinder = | C8: 7
B9: Bore = | C9: 460 | D9: mm
B10: Piston Stroke = | C10: 580 | D10: mm
B11: Dimension = | J11: LE3 | K11: = | L11: 1550 | M11: mm
B12: Length = | C12: =SUM(L11:L13) -> 10005 | D12: mm | J12: LE2 | K12: = | L12: 6990 | M12: mm
B13: Width = | C13: 3130 | D13: mm | J13: LE3* | K13: = | L13: 1465 | M13: mm
B14: Height = | C14: =SUM(L14:L16) -> 5230 | D14: mm | J14: HE3 | K14: = | L14: 1430 | M14: mm
B15: Weight =
B16: Rpm = | C16: 600 | D16: rpm | J16: HE1 | K16: = | L16: 3800 | M16: mm
B17: Displacement | C17: 96.4 | D17: l/cyl
B18: Power factor = | C18: =C6/C16 -> 14
B20: Perhitungan Daya Engine MAK 6M32C
B21: a) BHPMCR = | C21: 8400 | D21: Kw | E21: 1 kW = | F21: 1.359619 | G21: HP
B22: = | C22: =C21/F4 -> 11420.802 | D22: HP
B24: b) BHPSCR = | C24: BHPMCR x 0,9
B25: = | C25: =C21*0.9 -> 7560 | D25: kW
B26: = | C26: =C25/F4 -> 10278.722 | D26: HP
B28: c) SHP = | C28: BHPSCR x ηG
B29: = | C29: =C25*0.98 -> 7408.8 | D29: kW
B30: = | C30: =C29/F4 -> 10073.148 | D30: HP
B32: d) DHP = | C32: SHP x ηSηB
B33: = | C33: =C29*0.98 -> 7260.624 | D33: kW
B34: = | C34: =C33/F4 -> 9871.6846 | D34: HP
B36: e) EHP = | C36: DHP x Pc
B37: = | C37: =C33*HARVARLD!F223 -> 5562.5839 | D37: kW
B38: = | C38: =C37*F21 -> 7562.9948 | D38: HP
B40: f) THP = | C40: EHP x ƞh
B41: = | C41: =C37*HARVARLD!F221 -> 6244.1963 | D41: kW
B42: = | C42: =C41*F21 -> 8489.7279 | D42: HP
B44: Pemilihan gear Box
B46: Merk = | C46: ZF Marine Gearbox
B47: Type = | C47: ZF W43100 NC
B48: Power Factor = | C48: =C18 -> 14
B49: Reduction Ratio = | C49: 4.41
B50: Rpm = | C50: =C16/C49 -> 136.05442 | D50: rpm
B51: Input Power Capacity = | D51: kW
B53: Dimension
B54: Length = | E54: mm | F54: L1+L2
B55: Width = | E55: mm | F55: B1+B2
B56: Height = | E56: mm | F56: H1+H2
B57: Weight = | E57: kg

Sheet PROPELL (0.969)
B2: Data Utama Kapal | I2: Perhitungan Data Secondary
I3: Kecepatan dalam m/s
B4: Jenis Kapal | E4: CHEMICAL TANKER | I4: 1 knot = | J4: =HARVARLD!N23 -> 0.514444 | K4: m/s
B5: Lpp | E5: =HARVARLD!F6 -> #REF! | G5: m | I5: 1 m/s = | J5: 1.94384 | K5: knot
B6: Lwl | E6: =HARVARLD!F8 -> #REF! | G6: m | I6: 1 kW = | J6: ='EN & GEAR'!F3 -> 1.359619 | K6: HP
B7: Ldisplacement | E7: =HARVARLD!F14 -> #REF! | G7: m | I7: 1 HP = | J7: =HARVARLD!I183 -> 0.7355 | K7: KW
B8: Lebar (B) | E8: =HARVARLD!F16 -> 23.7 | G8: m | I8: 16 knot = | J8: =E11*J4 -> 8.231104 | K8: m/s
B9: Sarat Air (T) | E9: =HARVARLD!F23 -> 9.947 | G9: m | I9: g = | J9: 9.8 | K9: m/s²
B10: Tinggi Geladak (H) | E10: =HARVARLD!F25 -> 13.34 | G10: m | I10: e% = | J10: 0.005 | K10: didepan midship
B11: Kecepatan (Vs) | E11: =HARVARLD!F27 -> 16 | G11: knot
B12: Vdisplacement | E12: =HARVARLD!F28 -> #REF! | G12: mᶟ
B13: Koefisien midship/Cm (β) | E13: =HARVARLD!F30 -> 0.982
B14: Koefisien blok/Cb (δ) | E14: =HARVARLD!F31 -> 0.68
B15: Koefisien prismatik/Cp (ϕ) | E15: =HARVARLD!F32 -> 0.69
B17: Data Utama Engine
B18: Merk | D18: ='EN & GEAR'!C3 -> Wartsila
B19: Type | D19: ='EN & GEAR'!C4 -> 7L46F
B20: Cycle | D20: ='EN & GEAR'!C5 -> 4 stroke
B21: Power max | D21: ='EN & GEAR'!C6 -> 8400 | E21: kW
D22: =D21*J6 -> 11420.8 | E22: HP
B23: Cylinder | D23: ='EN & GEAR'!C8 -> 7
B24: Bore | D24: ='EN & GEAR'!C9 -> 460 | E24: mm
B25: Piston Stroke | D25: ='EN & GEAR'!C10 -> 580 | E25: mm
B27: Dimension
B28: Length | D28: ='EN & GEAR'!C12 -> 10005 | E28: mm
B29: Width | D29: ='EN & GEAR'!C13 -> 3130 | E29: mm
B30: Height | D30: ='EN & GEAR'!C14 -> 5230 | E30: mm
B31: Rpm | D31: ='EN & GEAR'!C16 -> 600
B32: Displacement | D32: ='EN & GEAR'!C17 -> 96.4 | E32: ='EN & GEAR'!D17 -> l/cyl
B33: Power factor | D33: =D21/D31 -> 14
B36: Pemilihan gear Box
G37: tr
B38: Merk | D38: ='EN & GEAR'!C46 -> ZF Marine Gearbox
B39: Type | D39: ='EN & GEAR'!C47 -> ZF W43100 NC
B40: Power Factor | D40: ='EN & GEAR'!C48 -> 14
B41: Ratio | D41: ='EN & GEAR'!C49 -> 4.41 | H41: 335.66642 | I41: 0.005267134
B42: Rpm | D42: ='EN & GEAR'!C50 -> 136.05442 | E42: rpm | H42: =H41*I41 -> 1.768
B43: Input Power | D43: ='EN & GEAR'!C51 -> 0 | E43: kW
B45: Dimension
B46: Length | D46: ='EN & GEAR'!C54 -> 0 | E46: mm | F46: L1+L2
B47: Width | D47: ='EN & GEAR'!C55 -> 0 | E47: mm | F47: B1+B2
B48: Height | D48: ='EN & GEAR'!C56 -> 0 | E48: mm | F48: H1+H2
B49: Weight | D49: ='EN & GEAR'!C57 -> 0 | E49: kg
B52: PERHITUNGAN PROPELLER
B53: Perhitungan Diameter Optimum
B54: a | C54: Menentukan Nprop
C55: Nprop = | D55: Nmain engine / ratio gearbox
C56: = | D56: =D31/D41 -> 136.05442 | E56: rpm
C58: dimana :
C59: Nmain engine = didapat pada rpm engine yang telah dipilih
B61: b | C61: Menentukan Nilai Va
C62: Va = | D62: Vs x (1-w)
C63: = | D63: =J8*(1-HARVARLD!F193) -> 5.8440838 | E63: m/s
C64: = | D64: =D63*J5 -> 11.359964 | E64: knot
C66: dimana :
C67: w = | D67: wake fraction yang didapat pada hitungan harvarld
B69: c | C69: Menentukan Nilai Bp
C72: Bp1= | D72: N_prop * DHP^0.5 / V_A^2.5
C73: Bp = | D73: =(D56*('EN & GEAR'!C34^0.5))/(D64^2.5) -> 31.07892
C75: dimana : | D75: N = N prop rpm
D76: Pd = DHP
B78: d | C78: Grafik = | D78: 0.1739 x (Bp0,5)
D79: =0.1739*(D73^0.5) -> 0.9694659
B81: BP - δ Diagram
B82: a | C82: Diameter Maximum
C83: Dmax = | D83: 0.65 x T
C84: = | D84: =0.65*E9 -> 6.46555
C86: Jenis | D86: DHP (HP) | E86: N (engine) | F86: N.Prop (Rpm) | G86: w | H86: Vs (knot) | I86: Va (knot) | J86: Bp1 | K86: 0.1739√Bp1
C87: B3-35 | D87: ='EN & GEAR'!C34 -> 9871.6846 | E87: =$D$31 -> 600 | F87: =$D$56 -> 136.05442 | G87: =HARVARLD!$F$193 -> 0.29 | H87: =$E$11 -> 16 | I87: =$D$64 -> 11.359964 | J87: =$D$73 -> 31.07892 | K87: =$D$79 -> 0.9694659
C88: B3-50 | D88: ='EN & GEAR'!C34 -> 9871.6846 | E88: =$D$31 -> 600 | F88: =$D$56 -> 136.05442 | G88: =HARVARLD!$F$193 -> 0.29 | H88: =$E$11 -> 16 | I88: =$D$64 -> 11.359964 | J88: =$D$73 -> 31.07892 | K88: =$D$79 -> 0.9694659
C89: B3-65 | D89: ='EN & GEAR'!C34 -> 9871.6846 | E89: =$D$31 -> 600 | F89: =$D$56 -> 136.05442 | G89: =HARVARLD!$F$193 -> 0.29 | H89: =$E$11 -> 16 | I89: =$D$64 -> 11.359964 | J89: =$D$73 -> 31.07892 | K89: =$D$79 -> 0.9694659
C90: B3-80 | D90: ='EN & GEAR'!C34 -> 9871.6846 | E90: =$D$31 -> 600 | F90: =$D$56 -> 136.05442 | G90: =HARVARLD!$F$193 -> 0.29 | H90: =$E$11 -> 16 | I90: =$D$64 -> 11.359964 | J90: =$D$73 -> 31.07892 | K90: =$D$79 -> 0.9694659
C91: B4-40 | D91: ='EN & GEAR'!C34 -> 9871.6846 | E91: =$D$31 -> 600 | F91: =$D$56 -> 136.05442 | G91: =HARVARLD!$F$193 -> 0.29 | H91: =$E$11 -> 16 | I91: =$D$64 -> 11.359964 | J91: =$D$73 -> 31.07892 | K91: =$D$79 -> 0.9694659
C92: B4-55 | D92: ='EN & GEAR'!C34 -> 9871.6846 | E92: =$D$31 -> 600 | F92: =$D$56 -> 136.05442 | G92: =HARVARLD!$F$193 -> 0.29 | H92: =$E$11 -> 16 | I92: =$D$64 -> 11.359964 | J92: =$D$73 -> 31.07892 | K92: =$D$79 -> 0.9694659
C93: B4-70 | D93: ='EN & GEAR'!C34 -> 9871.6846 | E93: =$D$31 -> 600 | F93: =$D$56 -> 136.05442 | G93: =HARVARLD!$F$193 -> 0.29 | H93: =$E$11 -> 16 | I93: =$D$64 -> 11.359964 | J93: =$D$73 -> 31.07892 | K93: =$D$79 -> 0.9694659
C94: B4-85 | D94: ='EN & GEAR'!C34 -> 9871.6846 | E94: =$D$31 -> 600 | F94: =$D$56 -> 136.05442 | G94: =HARVARLD!$F$193 -> 0.29 | H94: =$E$11 -> 16 | I94: =$D$64 -> 11.359964 | J94: =$D$73 -> 31.07892 | K94: =$D$79 -> 0.9694659
C95: B4-100 | D95: ='EN & GEAR'!C34 -> 9871.6846 | E95: =$D$31 -> 600 | F95: =$D$56 -> 136.05442 | G95: =HARVARLD!$F$193 -> 0.29 | H95: =$E$11 -> 16 | I95: =$D$64 -> 11.359964 | J95: =$D$73 -> 31.07892 | K95: =$D$79 -> 0.9694659
C96: B5-45 | D96: ='EN & GEAR'!C34 -> 9871.6846 | E96: =$D$31 -> 600 | F96: =$D$56 -> 136.05442 | G96: =HARVARLD!$F$193 -> 0.29 | H96: =$E$11 -> 16 | I96: =$D$64 -> 11.359964 | J96: =$D$73 -> 31.07892 | K96: =$D$79 -> 0.9694659
C97: B5-60 | D97: ='EN & GEAR'!C34 -> 9871.6846 | E97: =$D$31 -> 600 | F97: =$D$56 -> 136.05442 | G97: =HARVARLD!$F$193 -> 0.29 | H97: =$E$11 -> 16 | I97: =$D$64 -> 11.359964 | J97: =$D$73 -> 31.07892 | K97: =$D$79 -> 0.9694659
C98: B5-75 | D98: ='EN & GEAR'!C34 -> 9871.6846 | E98: =$D$31 -> 600 | F98: =$D$56 -> 136.05442 | G98: =HARVARLD!$F$193 -> 0.29 | H98: =$E$11 -> 16 | I98: =$D$64 -> 11.359964 | J98: =$D$73 -> 31.07892 | K98: =$D$79 -> 0.9694659
C99: B5-90 | D99: ='EN & GEAR'!C34 -> 9871.6846 | E99: =$D$31 -> 600 | F99: =$D$56 -> 136.05442 | G99: =HARVARLD!$F$193 -> 0.29 | H99: =$E$11 -> 16 | I99: =$D$64 -> 11.359964 | J99: =$D$73 -> 31.07892 | K99: =$D$79 -> 0.9694659
C100: B5-105 | D100: ='EN & GEAR'!C34 -> 9871.6846 | E100: =$D$31 -> 600 | F100: =$D$56 -> 136.05442 | G100: =HARVARLD!$F$193 -> 0.29 | H100: =$E$11 -> 16 | I100: =$D$64 -> 11.359964 | J100: =$D$73 -> 31.07892 | K100: =$D$79 -> 0.9694659
C101: B6-50 | D101: ='EN & GEAR'!C34 -> 9871.6846 | E101: =$D$31 -> 600 | F101: =$D$56 -> 136.05442 | G101: =HARVARLD!$F$193 -> 0.29 | H101: =$E$11 -> 16 | I101: =$D$64 -> 11.359964 | J101: =$D$73 -> 31.07892 | K101: =$D$79 -> 0.9694659
C102: B6-65 | D102: ='EN & GEAR'!C34 -> 9871.6846 | E102: =$D$31 -> 600 | F102: =$D$56 -> 136.05442 | G102: =HARVARLD!$F$193 -> 0.29 | H102: =$E$11 -> 16 | I102: =$D$64 -> 11.359964 | J102: =$D$73 -> 31.07892 | K102: =$D$79 -> 0.9694659
C103: B6-80 | D103: ='EN & GEAR'!C34 -> 9871.6846 | E103: =$D$31 -> 600 | F103: =$D$56 -> 136.05442 | G103: =HARVARLD!$F$193 -> 0.29 | H103: =$E$11 -> 16 | I103: =$D$64 -> 11.359964 | J103: =$D$73 -> 31.07892 | K103: =$D$79 -> 0.9694659
C104: B6-95 | D104: ='EN & GEAR'!C34 -> 9871.6846 | E104: =$D$31 -> 600 | F104: =$D$56 -> 136.05442 | G104: =HARVARLD!$F$193 -> 0.29 | H104: =$E$11 -> 16 | I104: =$D$64 -> 11.359964 | J104: =$D$73 -> 31.07892 | K104: =$D$79 -> 0.9694659
B106: b | C106: δo = | D106: (1/Jo) / 0.009875
B108: c | C108: Nilai Do dalam british unit (ft), maka Va dalam (knot) dan N dalam rpm
B112: d | C112: Besarnya Db tergantung dari jumlah propeller yang dipakai
C113: Untuk Single-Screw Propeller Db = 0.96 Do
C114: Untuk Twin-Screw Propeller Db = 0.98 Do
C115: Untuk kapal ini yang menggunakan single-screw propeller | J115: =0.5/6.77 -> 0.073855244 | K115: =J115*L115/10 -> 0.049113737 | L115: 6.65
B117: e | C117: Menentukan P/Do, δo dan ηo dari grafik Bp diagram. | J117: 0.6 | K117: =J117+K115 -> 0.64911374
L118: Type | M118: 0,1739 (BP)1/2 | N118: P/Do | O118: 1/Jo | P118: δo | Q118: ηo
C119: Type | D119: 0,1739 (BP)1/2 | E119: P/Do | F119: 1/Jo | G119: δo | H119: ηo | L119: B3-35 | M119: =$D$79 -> 0.9694659 | N119: 0.685 | O119: 2.36 | P119: =O119/0.009875 -> 238.98734 | Q119: 0.5742
C120: B3-35 | D120: =$D$79 -> 0.9694659 | E120: 0.7 | F120: 2.225 | G120: =F120/0.009875 -> 225.31646 | H120: 0.593 | L120: B3-50 | M120: =$D$79 -> 0.9694659 | N120: 0.6825 | O120: 2.35 | P120: =O120/0.009875 -> 237.97468 | Q120: 0.559
C121: B3-50 | D121: =$D$79 -> 0.9694659 | E121: 0.7 | F121: 2.223 | G121: =F121/0.009875 -> 225.11392 | H121: 0.575 | L121: B3-65 | M121: =$D$79 -> 0.9694659 | N121: 0.722 | O121: 2.283 | P121: =O121/0.009875 -> 231.18987 | Q121: 0.5367
C122: B3-65 | D122: =$D$79 -> 0.9694659 | E122: 0.728 | F122: 2.217 | G122: =F122/0.009875 -> 224.50633 | H122: 0.555 | L122: B3-80 | M122: =$D$79 -> 0.9694659 | N122: 0.783 | O122: 2.19 | P122: =O122/0.009875 -> 221.77215 | Q122: 0.5132
C123: B3-80 | D123: =$D$79 -> 0.9694659 | E123: 0.8 | F123: 2.08 | G123: =F123/0.009875 -> 210.63291 | H123: 0.53
C124: B4-40 | D124: =$D$79 -> 0.9694659 | E124: 0.681 | F124: 2.52 | G124: =F124/0.009875 -> 255.18987 | H124: 0.522
...

Sheet EN & GEAR (2)
B2: Data Engine
B3: Merk = | C3: Wartsila | E3: 1 kW = | F3: 1.359619 | G3: HP
B4: Type = | C4: 7L46F | E4: 1 HP = | F4: 0.7355 | G4: kW
B5: Cycle = | C5: 4 stroke
B6: Power max = | C6: 8400 | D6: kW
C7: =C6/F4 -> 11420.802 | D7: HP
B8: Cylinder = | C8: 7
B9: Bore = | C9: 460 | D9: mm
B10: Piston Stroke = | C10: 580 | D10: mm
B11: Dimension = | J11: LE3 | K11: = | L11: 1550 | M11: mm
B12: Length = | C12: =SUM(L11:L13) -> 10005 | D12: mm | J12: LE2 | K12: = | L12: 6990 | M12: mm
B13: Width = | C13: 3130 | D13: mm | J13: LE3* | K13: = | L13: 1465 | M13: mm
B14: Height = | C14: =SUM(L14:L16) -> 3585 | D14: mm | J14: HE6 | K14: = | L14: 470 | M14: mm
B15: Weight = | D15: ton | J15: HE5 | L15: 1905 | M15: mm
B16: Rpm = | C16: 600 | D16: rpm | J16: HE3 | K16: = | L16: 1210 | M16: mm
B17: Displacement | C17: 96.4 | D17: l/cyl
B18: Power factor = | C18: =C6/C16 -> 14
B20: Perhitungan Daya Engine MAK 6M32C
B21: a) BHPMCR = | C21: =C6 -> 8400 | D21: Kw | E21: 1 kW = | F21: 1.359619 | G21: HP
B22: = | C22: =C21/F4 -> 11420.802 | D22: HP
B24: b) BHPSCR = | C24: BHPMCR x 0,9
B25: = | C25: =C21*0.9 -> 7560 | D25: kW
B26: = | C26: =C25/F4 -> 10278.722 | D26: HP
B28: c) SHP = | C28: BHPSCR x ηG
B29: = | C29: =C25*0.98 -> 7408.8 | D29: kW
B30: = | C30: =C29/F4 -> 10073.148 | D30: HP
B32: d) DHP = | C32: SHP x ηSηB
B33: = | C33: =C29*0.98 -> 7260.624 | D33: kW
B34: = | C34: =C33/F4 -> 9871.6846 | D34: HP
B36: e) EHP = | C36: DHP x Pc
B37: = | C37: =C33*HARVARLD!F223 -> 5562.5839 | D37: kW
B38: = | C38: =C37*F21 -> 7562.9948 | D38: HP
B40: f) THP = | C40: EHP x ƞh
B41: = | C41: =C37*HARVARLD!F221 -> 6244.1963 | D41: kW
B42: = | C42: =C41*F21 -> 8489.7279 | D42: HP
B44: Pemilihan gear Box
B46: Merk = | C46: ZF Marine Gearbox
B47: Type = | C47: ZF W43100 NC
B48: Power Factor =
B49: Reduction Ratio = | C49: 4.41
B50: Rpm = | C50: =C16/C49 -> 136.05442 | D50: rpm
B51: Input Power Capacity = | D51: kW
B53: Dimension
B54: Length = | E54: mm | F54: L1+L2
B55: Width = | E55: mm | F55: B1+B2
B56: Height = | E56: mm | F56: H1+H2
B57: Weight = | E57: kg

Sheet EPM
B2: Data Utama
B3: diambil dari perhitungan kapal dengan metode harvarld
C4: t = | D4: =HARVARLD!F197 -> 0.203
C5: w = | D5: =HARVARLD!F193 -> 0.29
C6: Vs = | D6: ='PROPELL (0.969)'!$E$11 -> 16 | E6: knot
C7: = | D7: ='PROPELL (0.969)'!$J$8 -> 8.231104 | E7: m/s
C8: ρ air laut = | D8: 1025 | E8: kg/m3
C9: S = | D9: =HARVARLD!D46 -> #REF! | E9: m³
C10: Ct = | D10: =HARVARLD!F166 -> #REF!
B12: Data Propeller
B13: diambil dari pemilihan propeller
B14: Tipe Propeller = | D14: ='PROPELL (0.969)'!$D$273 -> B3-35
B15: Db(m) = | D15: ='PROPELL (0.969)'!D274 -> 5.5048235
B16: (P/Db) = | D16: ='PROPELL (0.969)'!D275 -> 0.7
B17: η propeller = | D17: ='PROPELL (0.969)'!$D$276 -> 0.593
B18: Rpm Propeller = | D18: ='PROPELL (0.969)'!$D$277 -> 136.05442
B20: Tahanan total pada saat clean hull
C21: Rt trial = | D21: =HARVARLD!F171 -> #REF!
B23: Tahanan total pada saat service lambuung telah di fouling
C24: Rt dinas = | D24: =HARVARLD!G178 -> #REF!
B25: Symbol
C26: a = | D26: Konstanta
C27: β = | D27: konstanta
C28: KT = | D28: Koefisien Gaya Dorong (thrust) Baling-baling
C29: J = | D29: Koefisien Gaya Advanced Baling-baling
C30: KQ = | D30: Koefisien Torsi Baling-Baling
C31: Q = | D31: Torsi
B33: Langkah Perhitungan
B34: 1 | C34: Menghitung Koefisien α
C35: Rt = | D35: 0.5 x ρ x Ct x S x vs2
C36: = | D36: a x vs2
C38: α trial = | D38: Rt / Vs2
C39: = | D39: =D21*1000/(D7^2) -> #REF!
C41: α service = | D41: Rt / Vs2
C42: = | D42: =D24*1000/(D7^2) -> #REF!
B44: 2 | C44: Menghitung Koefisien β
C45: β = | D45: α / {(1-t) (1-w)2 ρ D2}
C47: β trial = | D47: =D39/((1-D4)*((1-D5)^2)*D8*(D15^2)) -> #REF!
C49: β service = | D49: =D42/((1-D4)*((1-D5)^2)*D8*(D15^2)) -> #REF!
B51: 3 | C51: Membuat Kurva hubungan KT-J
C52: Setelah diperoleh nilai β, dan nilai J divariasikan 0 – 1 , kemudian akan didapatkan nilai KTSHIP. Dimana KTSHIP diperoleh dari rumusan berikut. KT = β x J2
C53: KT = | D53: β x J2
C55: J | D55: J2 | E55: KTtrial | F55: KTservice
C56: 0 | D56: =C56^2 -> 0 | E56: =$D$47*D56 -> #REF! | F56: =$D$49*D56 -> #REF!
C57: 0.1 | D57: =C57^2 -> 0.01 | E57: =$D$47*D57 -> #REF! | F57: =$D$49*D57 -> #REF!
C58: 0.2 | D58: =C58^2 -> 0.04 | E58: =$D$47*D58 -> #REF! | F58: =$D$49*D58 -> #REF!
C59: 0.3 | D59: =C59^2 -> 0.09 | E59: =$D$47*D59 -> #REF! | F59: =$D$49*D59 -> #REF!
C60: 0.4 | D60: =C60^2 -> 0.16 | E60: =$D$47*D60 -> #REF! | F60: =$D$49*D60 -> #REF!
C61: 0.5 | D61: =C61^2 -> 0.25 | E61: =$D$47*D61 -> #REF! | F61: =$D$49*D61 -> #REF!
C62: 0.6 | D62: =C62^2 -> 0.36 | E62: =$D$47*D62 -> #REF! | F62: =$D$49*D62 -> #REF!
C63: 0.7 | D63: =C63^2 -> 0.49 | E63: =$D$47*D63 -> #REF! | F63: =$D$49*D63 -> #REF!
C64: 0.8 | D64: =C64^2 -> 0.64 | E64: =$D$47*D64 -> #REF! | F64: =$D$49*D64 -> #REF!
C65: 0.9 | D65: =C65^2 -> 0.81 | E65: =$D$47*D65 -> #REF! | F65: =$D$49*D65 -> #REF!
C66: 1 | D66: =C66^2 -> 1 | E66: =$D$47*D66 -> #REF! | F66: =$D$49*D66 -> #REF!
C67: .
C68: Sesuai dengan data di atas didapatkan kurva sebagai berikut :
B88: 4 | C88: Membaca grafik KTPROP – KQ - η kurva open water test Pembacaan kurva dilakukan sesuai dengan jenis propeller yang kita pilih yaitu B3-65
D90: (P/Db) | E90: =D16 -> 0.7 | I90: 0.021367521 | J90: 4.68 | K90: =I90*J90 -> 0.1
D91: J | E91: KT | F91: 10KQ | G91: η
D92: 0 | E92: 0.2472 | F92: 0.243376 | G92: 0 | I92: 1 | J92: 4.39 | K92: =I$90*J92 -> 0.093803419
D93: 0.1 | E93: 0.22421 | F93: 0.226282 | G93: 0.15938 | I93: 2 | J93: 3.97 | K93: =I$90*J93 -> 0.08482906
D94: 0.2 | E94: 0.197842 | F94: 0.204658 | G94: 0.3084829 | I94: 3 | J94: 3.05 | K94: =I$90*J94 -> 0.06517094
D95: 0.3 | E95: 0.1683974 | F95: 0.18247863 | G95: 0.44651709 | I95: 4 | J95: 1.01 | K95: =I$90*J95 -> 0.021581197
D96: 0.4 | E96: 0.137671 | F96: 0.1574359 | G96: 0.5621581 | I96: 5 | J96: 0.58 | K96: =I$90*J96 -> 0.012393162
D97: 0.5 | E97: 0.102265 | F97: 0.1311111 | G97: 0.631239 | I97: 6 | J97: 1.72 | K97: =I$90*J97 -> 0.036752137
D98: 0.6 | E98: 0.065662393 | F98: 0.10081196 | G98: 0.6336752 | J98: 1.28 | K98: =I$90*J98 -> 0.027350427
D99: 0.7 | E99: 0.026623932 | F99: 0.06735 | G99: 0.472735
D100: 0.8 | E100: 0 | F100: 0 | G100: 0
C136: = | D136: Perpotongan J | E136: Perpotongan Kt | F136: Perpotongan 10Kq | G136: Perpotongan Eff
C137: 0 | D137: 0.398 | E137: 0.139 | F137: 0.153 | G137: 0.56
C138: =C137+0.1 -> 0.1 | D138: =D$137 -> 0.398 | E138: =E137 -> 0.139 | F138: =F137 -> 0.153 | G138: =G137 -> 0.56
C139: =C138+0.1 -> 0.2 | D139: =D$137 -> 0.398 | E139: =E138 -> 0.139 | F139: =F138 -> 0.153 | G139: =G138 -> 0.56
C140: =C139+0.1 -> 0.3 | D140: =D$137 -> 0.398 | E140: =E139 -> 0.139 | F140: =F139 -> 0.153 | G140: =G139 -> 0.56
C141: =C140+0.1 -> 0.4 | D141: =D$137 -> 0.398 | E141: =E140 -> 0.139 | F141: =F140 -> 0.153 | G141: =G140 -> 0.56
C142: =C141+0.1 -> 0.5 | D142: =D$137 -> 0.398 | E142: =E141 -> 0.139 | F142: =F141 -> 0.153 | G142: =G141 -> 0.56
C143: =C142+0.1 -> 0.6 | D143: =D$137 -> 0.398 | E143: =E142 -> 0.139 | F143: =F142 -> 0.153 | G143: =G142 -> 0.56
C144: =C143+0.1 -> 0.7 | D144: =D$137 -> 0.398 | E144: =E143 -> 0.139 | F144: =F143 -> 0.153 | G144: =G143 -> 0.56
C145: =C144+0.1 -> 0.8 | D145: =D$137 -> 0.398 | E145: =E144 -> 0.139 | F145: =F144 -> 0.153 | G145: =G144 -> 0.56 | Q145: = | R145: Perpotongan J | S145: Perpotongan Kt | T145: Perpotongan 10Kq | U145: Perpotongan Eff
Q146: 0 | R146: 0.42 | S146: 0.145 | T146: 0.169 | U146: 0.5645
Q147: =Q146+0.1 -> 0.1 | R147: 0.42 | S147: 0.145 | T147: 0.169 | U147: 0.5645
Q148: =Q147+0.1 -> 0.2 | R148: 0.42 | S148: 0.145 | T148: 0.169 | U148: 0.5645
Q149: =Q148+0.1 -> 0.3 | R149: 0.42 | S149: 0.145 | T149: 0.169 | U149: 0.5645
Q150: =Q149+0.1 -> 0.4 | R150: 0.42 | S150: 0.145 | T150: 0.169 | U150: 0.5645
Q151: =Q150+0.1 -> 0.5 | R151: 0.42 | S151: 0.145 | T151: 0.169 | U151: 0.5645
Q152: =Q151+0.1 -> 0.6 | R152: 0.42 | S152: 0.145 | T152: 0.169 | U152: 0.5645
Q153: =Q152+0.1 -> 0.7 | R153: 0.42 | S153: 0.145 | T153: 0.169 | U153: 0.5645
Q154: =Q153+0.1 -> 0.8 | R154: 0.42 | S154: 0.145 | T154: 0.169 | U154: 0.5645
C163: = | D163: Perpotongan J | E163: Perpotongan Kt | F163: Perpotongan 10Kq | G163: Perpotongan Eff
C164: 0 | D164: 0.385 | E164: 0.143 | F164: 0.1575 | G164: 0.548
C165: =C164+0.1 -> 0.1 | D165: =D164 -> 0.385 | E165: =E164 -> 0.143 | F165: =F164 -> 0.1575 | G165: =G164 -> 0.548
C166: =C165+0.1 -> 0.2 | D166: =D165 -> 0.385 | E166: =E165 -> 0.143 | F166: =F165 -> 0.1575 | G166: =G165 -> 0.548 | J166: =100/39.51 -> 2.5310048 | K166: 29.4 | L166: =J166*K166 -> 74.411541 | O166: = | P166: Perpotongan J | Q166: Perpotongan Kt | R166: Perpotongan 10Kq | S166: Perpotongan Eff
C167: =C166+0.1 -> 0.3 | D167: =D166 -> 0.385 | E167: =E166 -> 0.143 | F167: =F166 -> 0.1575 | G167: =G166 -> 0.548 | O167: 0 | P167: 0.4 | Q167: 0.155 | R167: 0.174 | S167: 0.546
C168: =C167+0.1 -> 0.4 | D168: =D167 -> 0.385 | E168: =E167 -> 0.143 | F168: =F167 -> 0.1575 | G168: =G167 -> 0.548 | O168: =O167+0.1 -> 0.1 | P168: 0.4 | Q168: 0.155 | R168: 0.174 | S168: 0.546
C169: =C168+0.1 -> 0.5 | D169: =D168 -> 0.385 | E169: =E168 -> 0.143 | F169: =F168 -> 0.1575 | G169: =G168 -> 0.548 | O169: =O168+0.1 -> 0.2 | P169: 0.4 | Q169: 0.155 | R169: 0.174 | S169: 0.546
C170: =C169+0.1 -> 0.6 | D170: =D169 -> 0.385 | E170: =E169 -> 0.143 | F170: =F169 -> 0.1575 | G170: =G169 -> 0.548 | O170: =O169+0.1 -> 0.3 | P170: 0.4 | Q170: 0.155 | R170: 0.174 | S170: 0.546
C171: =C170+0.1 -> 0.7 | D171: =D170 -> 0.385 | E171: =E170 -> 0.143 | F171: =F170 -> 0.1575 | G171: =G170 -> 0.548 | O171: =O170+0.1 -> 0.4 | P171: 0.4 | Q171: 0.155 | R171: 0.174 | S171: 0.546
C172: =C171+0.1 -> 0.8 | D172: =D171 -> 0.385 | E172: =E171 -> 0.143 | F172: =F171 -> 0.1575 | G172: =G171 -> 0.548 | O172: =O171+0.1 -> 0.5 | P172: 0.4 | Q172: 0.155 | R172: 0.174 | S172: 0.546
O173: =O172+0.1 -> 0.6 | P173: 0.4 | Q173: 0.155 | R173: 0.174 | S173: 0.546
O174: =O173+0.1 -> 0.7 | P174: 0.4 | Q174: 0.155 | R174: 0.174 | S174: 0.546
O175: =O174+0.1 -> 0.8 | P175: 0.4 | Q175: 0.155 | R175: 0.174 | S175: 0.546
...

Sheet Poros Prop
A2: 1 | B2: Perencanaan Poros Propeller
A4: 1.1 | B4: Perencanaan Diameter Poros Propeller
B5: Ds = | C5: [(5.1 / τa) * Kt * Cb * T] / 3
B6: Ds = | C6: Diameter Poros Propeller (mm)
B7: τa = | C7: Tegangan geser yang diijinkan (Kg/mm2)
B8: Kt = | C8: Faktor Konsentrasi Tegangan
B9: Cb = | C9: Faktor Beban Lentur
B10: T = | C10: Momen puntir rencana (kg mm)
A12: a | B12: Daya Perencanaan (Pd)
B13: Pd = | C13: fc * p
B14: fc = | C14: Faktor koreksi daya
B15: p = | C15: Daya pada poros (SHP) dalam kw
B17: tabel faktor-faktor koreksi daya yang akan ditransmisikan fc
C18: daya yang akan ditransmisikan | F18: fc
C19: (Daya Rata - Rata) | F19: 1.2 - 2.0
C20: (Daya Maksimum) | F20: 0.8 - 1.2
C21: (Daya normal) | F21: 1.0 - 1.5
B23: diambil fc = | D23: 1
B24: nilai SHP diambil dari perhitungan sebelumnya
B25: SHP = | C25: ='EN & GEAR (2)'!C30 -> 10073.148 | D25: HP
C26: =C25*HARVARLD!F223 -> 7717.3433 | D26: kW
B27: jadi Pd = | C27: =D23*C26 -> 7717.3433 | D27: kW
A29: b | B29: Momen Puntir Rencana (T)
B30: T = | C30: 9.74 * 105 * (Pd / N)
C31: T = | D31: Momen puntir rencana (kg mm)
C32: N = | D32: putaran poros (rpm)
C33: Pd = | D33: Daya perencanaan (kW)
B34: nilai N adalah putaran propeller dalam rpm
B35: N = | C35: ='EN & GEAR (2)'!C50 -> 136.05442 | D35: rpm
B36: jadi T = | C36: =9.74*10^5*(C27/C35) -> 55247689 | D36: kg mm
A38: c | B38: Tegangan Geser yang Diijinkan (τa)
B39: τa = | C39: σb/(sf1 * sf2)
C40: material poros adalah:
C41: S 35 C,σb= | D41: ='PROPELL (0.969)'!L243 * 1000 -> 246.85526 | E41: kg/mm2
C42: sf1 = untuk material baja karbon= | F42: 6
C43: sf2 = 1.3 ~ 3 diambil= | F43: 2
B44: jadi τa = | C44: =D41/(F42*F43) -> 20.571272 | D44: Kg/mm2
A46: d | B46: Faktor Konsentrasi Tegangan (kt)
B47: Kt = | C47: 1 | D47: ( Tumbukan halus )
B48: Kt = | C48: 1.0-1.5 | D48: ( Sedikit tumbukan )
B49: Kt = | C49: 1.5 - 3.0 | D49: ( Tumbukan kasar )
B50: Diambil Kt = | C50: 1.5
A52: e | B52: Faktor Beban Lentur (Cb)
B53: Cb = | C53: 1 | D53: ( Tidak mengalami lenturan )
B54: Cb = | C54: 1.2 – 2.3 | D54: ( Mengalami lenturan )
B55: Diambil Cb = | C55: 2
A57: f | B57: Diameter Poros Propeller (Ds)
B58: Ds = [(5.1 / Ta) * Kt * Cb * T]1/3
B59: = | C59: =((5.1/C44)*C50*C55*C36)^(1/3) -> 345.07604 | D59: mm
B60: ~ | C60: =C59 -> 345.07604 | D60: mm
A61: g | B61: Tegangan Geser yang Bekerja (τ)
B62: τ = | C62: 5.1*T / (Ds^3)
B63: = | C63: =5.1*C36/(C60^3) -> 6.8570905 | D63: Kg/mm2
B64: persyaratan bahwa | D64: τa | E64: > | F64: τ
D65: =C44 -> 20.571272 | E65: > | F65: =C63 -> 6.8570905
B66: sehingga persyaratan tegangan geser | F66: =IF(D65>F65,"memenuhi","tidak memenuhi") -> memenuhi
B67: (Ir. Sularso, MSME DAASAR PEMILIHAN DAN PERENCANAAN ELEMEN MESIN)
A69: h | B69: Perhitungan Persyaratan Pembanding
B70: (BKI vol. III section 4 . C.2)
B76: Dimana :
B77: DS = | C77: diameter poros hasil perhitungan
B78: di = | C78: diameter dari saft bore. Apabila pore pada poros kurang dari 0.4 Ds maka persamaan berikut dapat digunakan = 1-(di/da)4 = 1 | L78: Berdasarkan BV Class Part C, Ch 1, Sec 7, hal 191
B80: = | C80: 1
B81: da = | C81: diameter saft aktual
B82: Pw (SHP) = | C82: =C26 -> 7717.3433 | D82: kW
B83: N = | C83: putaran propeller
B84: = | C84: =C35 -> 136.05442 | D84: RPM
B85: Rm = | C85: kuat ratik dari material propeller ( 400 hingga 600 N/mm2 )
B86: = | C86: 580 | D86: N/mm²
B87: Cw = | C87: (560)/(Rm + 160)
B88: = | C88: =(C86)/(C86+160) -> 0.78378378
B89: F = | C89: tipe instalasi penggerak untuk propeller (saft)
B90: = | C90: 35
B91: k = | C91: propeller saft mengggunakan stern tube seal
C92: 1.15
B94: Ds min = | C94: =C90*C92*((C82/(C84*1)*(C88))^(1/3)) -> 142.58802 | D94: mm
C95: =C94 -> 142.58802 | D95: mm
B97: syarat diameter bahwa | D97: Ds | E97: > | F97: Ds min
D98: =C60 -> 345.07604 | E98: > | F98: =C95 -> 142.58802
B99: Sehingga | C99: syarat diameter poros | E99: =IF(D98>F98,"memenuhi","tidak memenuhi") -> memenuhi
A102: 2 | B102: PERENCANAAN PERLENGKAPAN PROPELLER
F108: gil
B119: keterangan gambar | F119: 1 : | G119: 1000
B120: Dba = | C120: diameter boss propeller pada bagian belakang | G120: =C144/G119 -> 0.82737497
B121: Dbf = | C121: diameter boss propeller pada bagian depan | G121: =C150/G119 -> 0.9652708
B122: Db = | C122: diameter boss propeller = ( Dba + Dbf )/2 | G122: =C136/G119 -> 0.91930552
B123: Lb = | C123: panjang boss propeller | G123: =C156/G119 -> 0.82818249
B124: Ln = | C124: panjang bantalan duduk dari propeller | G124: =C162/G119 -> 0.24845475
B125: tb = | C125: tebal poros boss propeller | G125: =C166/G119 -> 0.18578779
B126: rf = | C126: jari jari blade face | G126: =C170/G119 -> 0.18578779
B127: rb = | C127: jari jari blade back | G127: =C174/G119 -> 0.24771706
B128: Ds = | C128: diameter poros | G128: =C60/G119 -> 0.34507604
B129: Da = | C129: diameter terkecil ujung konis | G129: =C198/G119 -> 0.25305576
A133: 2.1 | B133: PERHITUNGAN BOSS PROPELLER
A134: a | B134: Diameter Boss Propeller (Db)
B135: Db = | C135: 0.167 x Dprop
B136: = | C136: =0.167*EPM!D15*1000 -> 919.30552 | D136: mm
B137: tr = | C137: 0.045 x Dprop
B138: = | C138: =0.045*EPM!D15*1000 -> 247.71706 | D138: mm
B139: (Van Lammern, "Resistance, Propulsion and steering of ship")
...

Sheet Propeller Gambar
A1: Data Propeller
A3: Propeller
A4: Tipe | B4: Diameter (m) | C4: n (rps) | D4: P/D | E4: η | F4: Ae/A0 | G4: Pitch | H4: Z | I4: Tr
A5: B3-35 | B5: =EPM!D15 -> 5.5048235 | C5: ='PROPELL (0.969)'!F277 -> 2.2675737 | D5: ='PROPELL (0.969)'!D275 -> 0.7 | E5: ='PROPELL (0.969)'!D276 -> 0.593 | F5: 0.35 | G5: =D5*B5 -> 3.8533764 | H5: 3 | I5: =0.045*B5 -> 0.24771706
A6: R = | B6: =B5/2 -> 2.7524117
A7: Dimension of 3 Bladed Propellers Wageningen B-Series
A9: r/R | B9: crZ | C9: ar/cr | D9: br/cr | E9: Sr/D = Ar - BrZ
B10: DAE/Ao | E10: Ar | F10: Br
A11: 0.2 | B11: 1.663 | C11: 0.616 | D11: 0.35 | E11: 0.0526 | F11: 0.004
A12: 0.3 | B12: 1.832 | C12: 0.611 | D12: 0.35 | E12: 0.0464 | F12: 0.0035
A13: 0.4 | B13: 2 | C13: 0.599 | D13: 0.351 | E13: 0.0402 | F13: 0.003
A14: 0.5 | B14: 2.12 | C14: 0.583 | D14: 0.355 | E14: 0.034 | F14: 0.0025
A15: 0.6 | B15: 2.186 | C15: 0.558 | D15: 0.389 | E15: 0.0278 | F15: 0.002
A16: 0.7 | B16: 2.168 | C16: 0.526 | D16: 0.442 | E16: 0.0216 | F16: 0.0015
A17: 0.8 | B17: 2.127 | C17: 0.481 | D17: 0.478 | E17: 0.0154 | F17: 0.001
A18: 0.9 | B18: 1.657 | C18: 0.4 | D18: 0.5 | E18: 0.0092 | F18: 0.0005
A19: 1 | B19: 0 | C19: 0 | D19: 0 | E19: 0.003 | F19: 0
A33: Keterangan :
A34: R | B34: : | C34: Radius propeller
A35: r/R | B35: : | C35: Rasio jarak tebal blade (pitch)
A36: Z | B36: : | C36: Jumlah blade
A37: Cr | B37: : | C37: Panjang antara trailling edge ke leading edge pada r/R
A38: D | B38: : | C38: Diameter propeller
A39: AE/Ao | B39: : | C39: Perbandingan luasan daun propeller dengan seluruh lingkaran propeller
A40: ar | B40: : | C40: Jarak antara generator line ke leading edge
A41: br | B41: : | C41: Jarak maksimum tebal ke leading edge
A42: Sr | B42: : | C42: Tebal maksimum
A44: Perhitungan dengan Metode Wageningen
A46: r/R | B46: crZ | C46: cr | D46: ar/cr | E46: ar | F46: br/cr | G46: br | H46: Sr/D = Ar - BrZ | J46: Sr | M46: r/R | N46: cr | O46: ar | P46: br | Q46: Sr | R46: Dr | S46: Ar-Br
B47: DAE/Ao | C47: (m) | E47: (m) | G47: (m) | H47: Ar | I47: Br | J47: (m) | N47: (m) | O47: (m) | P47: (m) | Q47: (m) | R47: (m) | S47: (m)
A48: 0.2 | B48: =B11 -> 1.663 | C48: =(B48*$B$5*$F$5)/$H$5 -> 1.0680275 | D48: =C11 -> 0.616 | E48: =C48*D48 -> 0.65790494 | F48: =D11 -> 0.35 | G48: =F48*C48 -> 0.37380963 | H48: =E11 -> 0.0526 | I48: =F11 -> 0.004 | J48: =(H48-(I48*$H$5))*$B$5 -> 0.22349583 | M48: 0.2 | N48: =C48 -> 1.0680275 | O48: =E48 -> 0.65790494 | P48: =G48 -> 0.37380963 | Q48: =J48 -> 0.22349583 | R48: =-(N48-O48) -> -0.41012256 | S48: =O48-P48 -> 0.28409532
A49: 0.3 | B49: =B12 -> 1.832 | C49: =(B49*$B$5*$F$5)/$H$5 -> 1.1765643 | D49: =C12 -> 0.611 | E49: =C49*D49 -> 0.71888077 | F49: =D12 -> 0.35 | G49: =F49*C49 -> 0.4117975 | H49: =E12 -> 0.0464 | I49: =F12 -> 0.0035 | J49: =(H49-(I49*$H$5))*$B$5 -> 0.19762316 | M49: 0.3 | N49: =C49 -> 1.1765643 | O49: =E49 -> 0.71888077 | P49: =G49 -> 0.4117975 | Q49: =J49 -> 0.19762316 | R49: =-(N49-O49) -> -0.4576835 | S49: =O49-P49 -> 0.30708328
A50: 0.4 | B50: =B13 -> 2 | C50: =(B50*$B$5*$F$5)/$H$5 -> 1.2844588 | D50: =C13 -> 0.599 | E50: =C50*D50 -> 0.76939083 | F50: =D13 -> 0.351 | G50: =F50*C50 -> 0.45084504 | H50: =E13 -> 0.0402 | I50: =F13 -> 0.003 | J50: =(H50-(I50*$H$5))*$B$5 -> 0.17175049 | M50: 0.4 | N50: =C50 -> 1.2844588 | O50: =E50 -> 0.76939083 | P50: =G50 -> 0.45084504 | Q50: =J50 -> 0.17175049 | R50: =-(N50-O50) -> -0.51506798 | S50: =O50-P50 -> 0.31854579
A51: 0.5 | B51: =B14 -> 2.12 | C51: =(B51*$B$5*$F$5)/$H$5 -> 1.3615263 | D51: =C14 -> 0.583 | E51: =C51*D51 -> 0.79376986 | F51: =D14 -> 0.355 | G51: =F51*C51 -> 0.48334185 | H51: =E14 -> 0.034 | I51: =F14 -> 0.0025 | J51: =(H51-(I51*$H$5))*$B$5 -> 0.14587782 | M51: 0.5 | N51: =C51 -> 1.3615263 | O51: =E51 -> 0.79376986 | P51: =G51 -> 0.48334185 | Q51: =J51 -> 0.14587782 | R51: =-(N51-O51) -> -0.56775649 | S51: =O51-P51 -> 0.31042801
A52: 0.6 | B52: =B15 -> 2.186 | C52: =(B52*$B$5*$F$5)/$H$5 -> 1.4039135 | D52: =C15 -> 0.558 | E52: =C52*D52 -> 0.78338372 | F52: =D15 -> 0.389 | G52: =F52*C52 -> 0.54612235 | H52: =E15 -> 0.0278 | I52: =F15 -> 0.002 | J52: =(H52-(I52*$H$5))*$B$5 -> 0.12000515 | M52: 0.6 | N52: =C52 -> 1.4039135 | O52: =E52 -> 0.78338372 | P52: =G52 -> 0.54612235 | Q52: =J52 -> 0.12000515 | R52: =-(N52-O52) -> -0.62052976 | S52: =O52-P52 -> 0.23726138
A53: 0.7 | B53: =B16 -> 2.168 | C53: =(B53*$B$5*$F$5)/$H$5 -> 1.3923534 | D53: =C16 -> 0.526 | E53: =C53*D53 -> 0.73237786 | F53: =D16 -> 0.442 | G53: =F53*C53 -> 0.61542018 | H53: =E16 -> 0.0216 | I53: =F16 -> 0.0015 | J53: =(H53-(I53*$H$5))*$B$5 -> 0.094132482 | M53: 0.7 | N53: =C53 -> 1.3923534 | O53: =E53 -> 0.73237786 | P53: =G53 -> 0.61542018 | Q53: =J53 -> 0.094132482 | R53: =-(N53-O53) -> -0.65997549 | S53: =O53-P53 -> 0.11695768
A54: 0.8 | B54: =B17 -> 2.127 | C54: =(B54*$B$5*$F$5)/$H$5 -> 1.3660219 | D54: =C17 -> 0.481 | E54: =C54*D54 -> 0.65705656 | F54: =D17 -> 0.478 | G54: =F54*C54 -> 0.65295849 | H54: =E17 -> 0.0154 | I54: =F17 -> 0.001 | J54: =(H54-(I54*$H$5))*$B$5 -> 0.068259811 | M54: 0.8 | N54: =C54 -> 1.3660219 | O54: =E54 -> 0.65705656 | P54: =G54 -> 0.65295849 | Q54: =J54 -> 0.068259811 | R54: =-(N54-O54) -> -0.70896539 | S54: =O54-P54 -> 0.0040980658
A55: 0.9 | B55: =B18 -> 1.657 | C55: =(B55*$B$5*$F$5)/$H$5 -> 1.0641741 | D55: =C18 -> 0.4 | E55: =C55*D55 -> 0.42566965 | F55: =D18 -> 0.5 | G55: =F55*C55 -> 0.53208706 | H55: =E18 -> 0.0092 | I55: =F18 -> 0.0005 | J55: =(H55-(I55*$H$5))*$B$5 -> 0.042387141 | M55: 0.9 | N55: =C55 -> 1.0641741 | O55: =E55 -> 0.42566965 | P55: =G55 -> 0.53208706 | Q55: =J55 -> 0.042387141 | R55: =-(N55-O55) -> -0.63850448 | S55: =O55-P55 -> -0.10641741
A56: 1 | B56: =B19 -> 0 | C56: =(B56*$B$5*$F$5)/$H$5 -> 0 | D56: =C19 -> 0 | E56: =C56*D56 -> 0 | F56: =D19 -> 0 | G56: =F56*C56 -> 0 | H56: =E19 -> 0.003 | I56: =F19 -> 0 | J56: =(H56-(I56*$H$5))*$B$5 -> 0.01651447 | M56: 1 | N56: =C56 -> 0 | O56: =E56 -> 0 | P56: =G56 -> 0 | Q56: =J56 -> 0.01651447 | R56: =-(N56-O56) -> 0 | S56: =O56-P56 -> 0
A58: Tabel V1 untuk Y Face Propeller | N58: Untuk Perhitungan Propeller Nose Radius mengacu pada rumusan di Buku The Design of Marine Screw Propeller hal. 72.
A59: r/R | B59: P (m)
B60: -1 | C60: -0.95 | D60: -0.9 | E60: -0.8 | F60: -0.7 | G60: -0.6 | H60: -0.5 | I60: -0.4 | J60: -0.2 | K60: 0 | N60: Setelah mengetahui nilai cr, ar, br, dan Sr yang ada di atas, maka selanjutnya adalah penentuan penampang ketebalan tiap bagian daun propeller menggunakan rumus sebagai berikut ini.
A61: 0.2 | B61: 0.2826 | C61: 0.263 | D61: 0.24 | E61: 0.1967 | F61: 0.157 | G61: 0.1207 | H61: 0.088 | I61: 0.0592 | J61: 0.0172 | K61: 0
A62: 0.3 | B62: 0.2306 | C62: 0.204 | D62: 0.179 | E62: 0.1333 | F62: 0.0943 | G62: 0.0623 | H62: 0.0376 | I62: 0.0202 | J62: 0.0033 | K62: 0
A63: 0.4 | B63: 0.1467 | C63: 0.12 | D63: 0.0972 | E63: 0.063 | F63: 0.0395 | G63: 0.0214 | H63: 0.0116 | I63: 0.0044 | J63: 0 | K63: 0
A64: 0.5 | B64: 0.0522 | C64: 0.042 | D64: 0.033 | E64: 0.019 | F64: 0.01 | G64: 0.004 | H64: 0.0012 | I64: 0 | J64: 0 | K64: 0
A65: 0.6 | B65: 0 | C65: 0 | D65: 0 | E65: 0 | F65: 0 | G65: 0 | H65: 0 | I65: 0 | J65: 0 | K65: 0
A66: 0.7 | B66: 0 | C66: 0 | D66: 0 | E66: 0 | F66: 0 | G66: 0 | H66: 0 | I66: 0 | J66: 0 | K66: 0
A67: 0.8 | B67: 0 | C67: 0 | D67: 0 | E67: 0 | F67: 0 | G67: 0 | H67: 0 | I67: 0 | J67: 0 | K67: 0
A68: 0.9 | B68: 0 | C68: 0 | D68: 0 | E68: 0 | F68: 0 | G68: 0 | H68: 0 | I68: 0 | J68: 0 | K68: 0
A69: 1 | B69: 0 | C69: 0 | D69: 0 | E69: 0 | F69: 0 | G69: 0 | H69: 0 | I69: 0 | J69: 0 | K69: 0
A70: (Marine Propellers and Propulsions, hal 104)
A72: r/R | B72: P (m)
B73: 1 | C73: 0.95 | D73: 0.9 | E73: 0.85 | F73: 0.8 | G73: 0.7 | H73: 0.6 | I73: 0.5 | J73: 0.4 | K73: 0.2 | L73: 0
A74: 0.2 | B74: 0.356 | C74: 0.2821 | D74: 0.2353 | E74: 0.2 | F74: 0.1685 | G74: 0.118 | H74: 0.0804 | I74: 0.052 | J74: 0.0304 | K74: 0.0049 | L74: 0
A75: 0.3 | B75: 0.2923 | C75: 0.2186 | D75: 0.176 | E75: 0.1445 | F75: 0.1191 | G75: 0.079 | H75: 0.0503 | I75: 0.03 | J75: 0.0148 | K75: 0.0027 | L75: 0
A76: 0.4 | B76: 0.2181 | C76: 0.1467 | D76: 0.1088 | E76: 0.0833 | F76: 0.0637 | G76: 0.0357 | H76: 0.0189 | I76: 0.009 | J76: 0.0033 | K76: 0 | L76: 0
A77: 0.5 | B77: 0.1278 | C77: 0.0778 | D77: 0.05 | E77: 0.0328 | F77: 0.0211 | G77: 0.0085 | H77: 0.0034 | I77: 0.0008 | J77: 0 | K77: 0 | L77: 0
A78: 0.6 | B78: 0.0382 | C78: 0.0169 | D78: 0.0067 | E78: 0.0022 | F78: 0.0006 | G78: 0 | H78: 0 | I78: 0 | J78: 0 | K78: 0 | L78: 0
A79: 0.7 | B79: 0 | C79: 0 | D79: 0 | E79: 0 | F79: 0 | G79: 0 | H79: 0 | I79: 0 | J79: 0 | K79: 0 | L79: 0 | N79: Perhitungan untuk Ordinat Y Face Propeller
A80: 0.8 | B80: 0 | C80: 0 | D80: 0 | E80: 0 | F80: 0 | G80: 0 | H80: 0 | I80: 0 | J80: 0 | K80: 0 | L80: 0 | N80: r/R | O80: P (m)
A81: 0.9 | B81: 0 | C81: 0 | D81: 0 | E81: 0 | F81: 0 | G81: 0 | H81: 0 | I81: 0 | J81: 0 | K81: 0 | L81: 0 | O81: -1 | P81: -0.95 | Q81: -0.9 | R81: -0.8 | S81: -0.7 | T81: -0.6 | U81: -0.5 | V81: -0.4 | W81: -0.2 | X81: 0
A82: 1 | B82: 0 | C82: 0 | D82: 0 | E82: 0 | F82: 0 | G82: 0 | H82: 0 | I82: 0 | J82: 0 | K82: 0 | L82: 0 | N82: 0.2 | O82: =B61*$J$48 -> 0.063159923 | P82: =C61*$J$48 -> 0.058779404 | Q82: =D61*$J$48 -> 0.053639 | R82: =E61*$J$48 -> 0.043961631 | S82: =F61*$J$48 -> 0.035088846 | T82: =G61*$J$48 -> 0.026975947 | U82: =H61*$J$48 -> 0.019667633 | V82: =I61*$J$48 -> 0.013230953 | ... X82: =K61*$J$48 -> 0
N83: 0.3 | O83: =B62*$J$49 -> 0.045571901 | P83: =C62*$J$49 -> 0.040315125 | Q83: =D62*$J$49 -> 0.035374546 | R83: =E62*$J$49 -> 0.026343168 | S83: =F62*$J$49 -> 0.018635864 | T83: =G62*$J$49 -> 0.012311923 | U83: =H62*$J$49 -> 0.0074306309 | V83: =I62*$J$49 -> 0.0039919879 | ... X83: =K62*$J$49 -> 0
A84: Tabel V2 untuk Y Back Propeller. | N84: 0.4 | O84: =B63*$J$50 -> 0.025195797 | P84: =C63*$J$50 -> 0.020610059 | Q84: =D63*$J$50 -> 0.016694148 | R84: =E63*$J$50 -> 0.010820281 | S84: =F63*$J$50 -> 0.0067841445 | T84: =G63*$J$50 -> 0.0036754605 | U84: =H63*$J$50 -> 0.0019923057 | V84: =I63*$J$50 -> 0.00075570217 | ... X84: =K63*$J$50 -> 0
A85: r/R | B85: P (m) | N85: 0.5 | O85: =B64*$J$51 -> 0.0076148223 | P85: =C64*$J$51 -> 0.0061268685 | Q85: =D64*$J$51 -> 0.0048139681 | R85: =E64*$J$51 -> 0.0027716786 | S85: =F64*$J$51 -> 0.0014587782 | T85: =G64*$J$51 -> 0.00058351129 | U85: =H64*$J$51 -> 0.00017505339 | V85: =I64*$J$51 -> 0 | ... X85: =K64*$J$51 -> 0
B86: -1 | C86: -0.95 | D86: -0.9 | E86: -0.8 | F86: -0.7 | G86: -0.6 | H86: -0.5 | I86: -0.4 | J86: -0.2 | K86: 0 | N86: 0.6 | O86: =B65*$J$52 -> 0 | P86: =C65*$J$52 -> 0 | Q86: =D65*$J$52 -> 0 | R86: =E65*$J$52 -> 0 | S86: =F65*$J$52 -> 0 | T86: =G65*$J$52 -> 0 | U86: =H65*$J$52 -> 0 | V86: =I65*$J$52 -> 0 | ... X86: =K65*$J$52 -> 0
A87: 0.2 | B87: 0 | C87: 0.064 | D87: 0.1455 | E87: 0.306 | F87: 0.4535 | G87: 0.5842 | H87: 0.6995 | I87: 0.7984 | J87: 0.9446 | K87: 1 | N87: 0.7 | O87: =B66*$J$53 -> 0 | P87: =C66*$J$53 -> 0 | Q87: =D66*$J$53 -> 0 | R87: =E66*$J$53 -> 0 | S87: =F66*$J$53 -> 0 | T87: =G66*$J$53 -> 0 | U87: =H66*$J$53 -> 0 | V87: =I66*$J$53 -> 0 | ... X87: =K66*$J$53 -> 0
A88: 0.3 | B88: 0 | C88: 0.08 | D88: 0.167 | E88: 0.336 | F88: 0.4885 | G88: 0.6195 | H88: 0.7335 | I88: 0.8265 | J88: 0.9583 | K88: 1 | N88: 0.8 | O88: =B67*$J$54 -> 0 | P88: =C67*$J$54 -> 0 | Q88: =D67*$J$54 -> 0 | R88: =E67*$J$54 -> 0 | S88: =F67*$J$54 -> 0 | T88: =G67*$J$54 -> 0 | U88: =H67*$J$54 -> 0 | V88: =I67*$J$54 -> 0 | ... X88: =K67*$J$54 -> 0
A89: 0.4 | B89: 0 | C89: 0.0905 | D89: 0.181 | E89: 0.35 | F89: 0.504 | G89: 0.6353 | H89: 0.7525 | I89: 0.8415 | J89: 0.9645 | K89: 1 | N89: 0.9 | O89: =B68*$J$55 -> 0 | P89: =C68*$J$55 -> 0 | Q89: =D68*$J$55 -> 0 | R89: =E68*$J$55 -> 0 | S89: =F68*$J$55 -> 0 | T89: =G68*$J$55 -> 0 | U89: =H68*$J$55 -> 0 | V89: =I68*$J$55 -> 0 | ... X89: =K68*$J$55 -> 0
A90: 0.5 | B90: 0 | C90: 0.095 | D90: 0.1865 | E90: 0.3569 | F90: 0.514 | G90: 0.6439 | H90: 0.758 | I90: 0.8456 | J90: 0.9639 | K90: 1 | N90: 1 | O90: =B69*$J$56 -> 0 | P90: =C69*$J$56 -> 0 | Q90: =D69*$J$56 -> 0 | R90: =E69*$J$56 -> 0 | S90: =F69*$J$56 -> 0 | T90: =G69*$J$56 -> 0 | U90: =H69*$J$56 -> 0 | V90: =I69*$J$56 -> 0 | ... X90: =K69*$J$56 -> 0
A91: 0.6 | B91: 0 | C91: 0.0965 | D91: 0.1885 | E91: 0.3585 | F91: 0.511 | G91: 0.6415 | H91: 0.753 | I91: 0.8426 | J91: 0.9613 | K91: 1
A92: 0.7 | B92: 0 | C92: 0.0975 | D92: 0.19 | E92: 0.36 | F92: 0.51 | G92: 0.64 | H92: 0.75 | I92: 0.84 | J92: 0.96 | K92: 1 | N92: r/R | O92: P (m)
A93: 0.8 | B93: 0 | C93: 0.0975 | D93: 0.19 | E93: 0.36 | F93: 0.51 | G93: 0.64 | H93: 0.75 | I93: 0.84 | J93: 0.96 | K93: 1 | O93: 1 | P93: 0.95 | Q93: 0.9 | R93: 0.85 | S93: 0.8 | T93: 0.7 | U93: 0.6 | V93: 0.5 | W93: 0.4 | X93: 0.2 | Y93: 0
A94: 0.9 | B94: 0 | C94: 0.0975 | D94: 0.19 | E94: 0.36 | F94: 0.51 | G94: 0.64 | H94: 0.75 | I94: 0.84 | J94: 0.96 | K94: 1 | N94: 0.2 | O94: =B74*$J$48 -> 0.079564517 | P94: =C74*$J$48 -> 0.063048175 | Q94: =D74*$J$48 -> 0.05258857 | R94: =E74*$J$48 -> 0.044699167 | S94: =F74*$J$48 -> 0.037659048 | T94: =G74*$J$48 -> 0.026372508 | U94: =H74*$J$48 -> 0.017969065 | V94: =I74*$J$48 -> 0.011621783 | ... Y94: =L74*$J$48 -> 0
A95: 1 | B95: 0 | C95: 0.0975 | D95: 0.19 | E95: 0.36 | F95: 0.51 | G95: 0.64 | H95: 0.75 | I95: 0.84 | J95: 0.96 | K95: 1 | N95: 0.3 | O95: =B75*$J$49 -> 0.057765251 | P95: =C75*$J$49 -> 0.043200424 | Q95: =D75*$J$49 -> 0.034781677 | R95: =E75*$J$49 -> 0.028556547 | S95: =F75*$J$49 -> 0.023536919 | T95: =G75*$J$49 -> 0.01561223 | U95: =H75*$J$49 -> 0.0099404451 | V95: =I75*$J$49 -> 0.0059286949 | ... Y95: =L75*$J$49 -> 0
N96: 0.4 | O96: =B76*$J$50 -> 0.037458783 | P96: =C76*$J$50 -> 0.025195797 | Q96: =D76*$J$50 -> 0.018686454 | R96: =E76*$J$50 -> 0.014306816 | S96: =F76*$J$50 -> 0.010940506 | T96: =G76*$J$50 -> 0.0061314926 | U96: =H76*$J$50 -> 0.0032460843 | V96: =I76*$J$50 -> 0.0015457544 | ... Y96: =L76*$J$50 -> 0
A97: r/R | B97: P (m) | N97: 0.5 | O97: =B77*$J$51 -> 0.018643186 | P97: =C77*$J$51 -> 0.011349295 | Q97: =D77*$J$51 -> 0.0072938911 | R97: =E77*$J$51 -> 0.0047847926 | S97: =F77*$J$51 -> 0.0030780221 | T97: =G77*$J$51 -> 0.0012399615 | U97: =H77*$J$51 -> 0.0004959846 | V97: =I77*$J$51 -> 0.00011670226 | ... Y97: =L77*$J$51 -> 0
B98: 1 | C98: 0.95 | D98: 0.9 | E98: 0.85 | F98: 0.8 | G98: 0.7 | H98: 0.6 | I98: 0.5 | J98: 0.4 | K98: 0.2 | L98: 0 | N98: 0.6 | O98: =B78*$J$52 -> 0.0045841968 | P98: =C78*$J$52 -> 0.0020280871 | Q98: =D78*$J$52 -> 0.00080403452 | R98: =E78*$J$52 -> 0.00026401133 | S98: =F78*$J$52 -> 7.2003091e-05 | T98: =G78*$J$52 -> 0 | U98: =H78*$J$52 -> 0 | V98: =I78*$J$52 -> 0 | ... Y98: =L78*$J$52 -> 0
A99: 0.2 | B99: 0 | C99: 0.156 | D99: 0.284 | E99: 0.3905 | F99: 0.4777 | G99: 0.619 | H99: 0.7277 | I99: 0.817 | J99: 0.8875 | K99: 0.975 | L99: 1 | N99: 0.7 | O99: =B79*$J$53 -> 0 | P99: =C79*$J$53 -> 0 | Q99: =D79*$J$53 -> 0 | R99: =E79*$J$53 -> 0 | S99: =F79*$J$53 -> 0 | T99: =G79*$J$53 -> 0 | U99: =H79*$J$53 -> 0 | V99: =I79*$J$53 -> 0 | ... Y99: =L79*$J$53 -> 0
A100: 0.3 | B100: 0 | C100: 0.189 | D100: 0.3197 | E100: 0.4265 | F100: 0.513 | G100: 0.6505 | H100: 0.752 | I100: 0.8315 | J100: 0.892 | K100: 0.975 | L100: 1 | N100: 0.8 | O100: =B80*$J$54 -> 0 | P100: =C80*$J$54 -> 0 | Q100: =D80*$J$54 -> 0 | R100: =E80*$J$54 -> 0 | S100: =F80*$J$54 -> 0 | T100: =G80*$J$54 -> 0 | U100: =H80*$J$54 -> 0 | V100: =I80*$J$54 -> 0 | ... Y100: =L80*$J$54 -> 0
A101: 0.4 | B101: 0 | C101: 0.1935 | D101: 0.3235 | E101: 0.4335 | F101: 0.522 | G101: 0.659 | H101: 0.7593 | I101: 0.8345 | J101: 0.8933 | K101: 0.9725 | L101: 1 | N101: 0.9 | O101: =B81*$J$55 -> 0 | P101: =C81*$J$55 -> 0 | Q101: =D81*$J$55 -> 0 | R101: =E81*$J$55 -> 0 | S101: =F81*$J$55 -> 0 | T101: =G81*$J$55 -> 0 | U101: =H81*$J$55 -> 0 | V101: =I81*$J$55 -> 0 | ... Y101: =L81*$J$55 -> 0
A102: 0.5 | B102: 0 | C102: 0.175 | D102: 0.3056 | E102: 0.4135 | F102: 0.5039 | G102: 0.643 | H102: 0.7478 | I102: 0.8275 | J102: 0.888 | K102: 0.971 | L102: 1 | N102: 1 | O102: =B82*$J$56 -> 0 | P102: =C82*$J$56 -> 0 | Q102: =D82*$J$56 -> 0 | R102: =E82*$J$56 -> 0 | S102: =F82*$J$56 -> 0 | T102: =G82*$J$56 -> 0 | U102: =H82*$J$56 -> 0 | V102: =I82*$J$56 -> 0 | ... Y102: =L82*$J$56 -> 0
A103: 0.6 | B103: 0 | C103: 0.1485 | D103: 0.272 | E103: 0.3775 | F103: 0.462 | G103: 0.606 | H103: 0.72 | I103: 0.809 | J103: 0.879 | K103: 0.969 | L103: 1
A104: 0.7 | B104: 0 | C104: 0.124 | D104: 0.2337 | E104: 0.33 | F104: 0.414 | G104: 0.5615 | H104: 0.684 | I104: 0.785 | J104: 0.866 | K104: 0.9675 | L104: 1 | N104: Perhitungan untuk Ordinat Y Back Propeller
A105: 0.8 | B105: 0 | C105: 0.105 | D105: 0.2028 | E105: 0.2925 | F105: 0.3765 | G105: 0.5265 | H105: 0.6545 | I105: 0.7635 | J105: 0.852 | K105: 0.9635 | L105: 1 | N105: r/R | O105: P (m)
A106: 0.9 | B106: 0 | C106: 0.0975 | D106: 0.19 | E106: 0.2775 | F106: 0.36 | G106: 0.51 | H106: 0.64 | I106: 0.75 | J106: 0.84 | K106: 0.96 | L106: 1 | O106: -1 | P106: -0.95 | Q106: -0.9 | R106: -0.8 | S106: -0.7 | T106: -0.6 | U106: -0.5 | V106: -0.4 | W106: -0.2 | X106: 0
A107: 1 | B107: 0 | C107: 0.0975 | D107: 0.19 | E107: 0.2775 | F107: 0.36 | G107: 0.51 | H107: 0.64 | I107: 0.75 | J107: 0.84 | K107: 0.96 | L107: 1 | N107: 0.2 | O107: =(B61+B87)*$J$48 -> 0.063159923 | P107: =(C61+C87)*$J$48 -> 0.073083138 | Q107: =(D61+D87)*$J$48 -> 0.086157644 | R107: =(E61+E87)*$J$48 -> 0.11235136 | S107: =(F61+F87)*$J$48 -> 0.13644421 | T107: =(G61+G87)*$J$48 -> 0.15754221 | U107: =(H61+H87)*$J$48 -> 0.17600297 | V107: =(I61+I87)*$J$48 -> 0.19167003 | ... X107: =(K61+K87)*$J$48 -> 0.22349583
N108: 0.3 | O108: =(B62+B88)*$J$49 -> 0.045571901 | P108: =(C62+C88)*$J$49 -> 0.056124978 | Q108: =(D62+D88)*$J$49 -> 0.068377615 | R108: =(E62+E88)*$J$49 -> 0.092744551 | S108: =(F62+F88)*$J$49 -> 0.11517478 | T108: =(G62+G88)*$J$49 -> 0.13473947 | U108: =(H62+H88)*$J$49 -> 0.15238722 | V108: =(I62+I88)*$J$49 -> 0.16732753 | ... X108: =(K62+K88)*$J$49 -> 0.19762316
A109: Distribusi Pitch | N109: 0.4 | O109: =(B63+B89)*$J$50 -> 0.025195797 | P109: =(C63+C89)*$J$50 -> 0.036153479 | Q109: =(D63+D89)*$J$50 -> 0.047780987 | R109: =(E63+E89)*$J$50 -> 0.070932954 | S109: =(F63+F89)*$J$50 -> 0.093346393 | T109: =(G63+G89)*$J$50 -> 0.11278855 | U109: =(H63+H89)*$J$50 -> 0.13123455 | V109: =(I63+I89)*$J$50 -> 0.14528374 | ... X109: =(K63+K89)*$J$50 -> 0.17175049
N110: 0.5 | O110: =(B64+B90)*$J$51 -> 0.0076148223 | P110: =(C64+C90)*$J$51 -> 0.019985262 | Q110: =(D64+D90)*$J$51 -> 0.032020182 | R110: =(E64+E90)*$J$51 -> 0.054835474 | S110: =(F64+F90)*$J$51 -> 0.076439979 | T110: =(G64+G90)*$J$51 -> 0.094514241 | U110: =(H64+H90)*$J$51 -> 0.11075044 | V110: =(I64+I90)*$J$51 -> 0.12335429 | ... X110: =(K64+K90)*$J$51 -> 0.14587782
A111: D | B111: =B5 -> 5.5048235 | C111: m | D111: r/R | E111: %Ho/2Π | F111: Ordinat | G111: Gambar | H111: meter | N111: 0.6 | O111: =(B65+B91)*$J$52 -> 0 | P111: =(C65+C91)*$J$52 -> 0.011580497 | Q111: =(D65+D91)*$J$52 -> 0.022620971 | R111: =(E65+E91)*$J$52 -> 0.043021847 | S111: =(F65+F91)*$J$52 -> 0.061322633 | T111: =(G65+G91)*$J$52 -> 0.076983305 | U111: =(H65+H91)*$J$52 -> 0.09036388 | V111: =(I65+I91)*$J$52 -> 0.10111634 | ... X111: =(K65+K91)*$J$52 -> 0.12000515
A112: P/D | B112: =D5 -> 0.7 | D112: 0.2 | E112: 0.8 | F112: =$B$114*E112 -> 0.49087598 | G112: =F112 -> 0.49087598 | H112: =G112/1000 -> 0.00049087598 | N112: 0.7 | O112: =(B66+B92)*$J$53 -> 0 | P112: =(C66+C92)*$J$53 -> 0.009177917 | Q112: =(D66+D92)*$J$53 -> 0.017885172 | R112: =(E66+E92)*$J$53 -> 0.033887693 | S112: =(F66+F92)*$J$53 -> 0.048007566 | T112: =(G66+G92)*$J$53 -> 0.060244788 | U112: =(H66+H92)*$J$53 -> 0.070599361 | V112: =(I66+I92)*$J$53 -> 0.079071285 | ... X112: =(K66+K92)*$J$53 -> 0.094132482
A113: P | B113: =B112*B111 -> 3.8533764 | C113: m | D113: 0.3 | E113: 0.822 | F113: =$B$114*E113 -> 0.50437507 | G113: =F113 -> 0.50437507 | H113: =G113/1000 -> 0.00050437507 | N113: 0.8 | O113: =(B67+B93)*$J$54 -> 0 | P113: =(C67+C93)*$J$54 -> 0.0066553316 | Q113: =(D67+D93)*$J$54 -> 0.012969364 | R113: =(E67+E93)*$J$54 -> 0.024573532 | S113: =(F67+F93)*$J$54 -> 0.034812504 | T113: =(G67+G93)*$J$54 -> 0.043686279 | U113: =(H67+H93)*$J$54 -> 0.051194858 | V113: =(I67+I93)*$J$54 -> 0.057338242 | ... X113: =(K67+K93)*$J$54 -> 0.068259811
A114: P/2Π | B114: =B113/(2*3.14) -> 0.61359498 | C114: m | D114: 0.4 | E114: 0.887 | F114: =$B$114*E114 -> 0.54425874 | G114: =F114 -> 0.54425874 | H114: =G114/1000 -> 0.00054425874 | N114: 0.9 | O114: =(B68+B94)*$J$55 -> 0 | P114: =(C68+C94)*$J$55 -> 0.0041327462 | Q114: =(D68+D94)*$J$55 -> 0.0080535568 | R114: =(E68+E94)*$J$55 -> 0.015259371 | S114: =(F68+F94)*$J$55 -> 0.021617442 | T114: =(G68+G94)*$J$55 -> 0.02712777 | U114: =(H68+H94)*$J$55 -> 0.031790356 | V114: =(I68+I94)*$J$55 -> 0.035605198 | ... X114: =(K68+K94)*$J$55 -> 0.042387141
D115: 0.5 | E115: 0.95 | F115: =$B$114*E115 -> 0.58291523 | G115: =F115 -> 0.58291523 | H115: =G115/1000 -> 0.00058291523 | N115: 1 | O115: =(B69+B95)*$J$56 -> 0 | P115: =(C69+C95)*$J$56 -> 0.0016101609 | Q115: =(D69+D95)*$J$56 -> 0.0031377494 | R115: =(E69+E95)*$J$56 -> 0.0059452094 | S115: =(F69+F95)*$J$56 -> 0.0084223799 | T115: =(G69+G95)*$J$56 -> 0.010569261 | U115: =(H69+H95)*$J$56 -> 0.012385853 | V115: =(I69+I95)*$J$56 -> 0.013872155 | ... X115: =(K69+K95)*$J$56 -> 0.01651447
B116: 90 | C116: 77 | D116: 0.6 | E116: 0.992 | F116: =$B$114*E116 -> 0.60868622 | G116: =F116 -> 0.60868622 | H116: =G116/1000 -> 0.00060868622
B117: =B116-C116 -> 13 | D117: 0.7 | E117: 1 | F117: =$B$114*E117 -> 0.61359498 | G117: =F117 -> 0.61359498 | H117: =G117/1000 -> 0.00061359498 | N117: r/R | O117: P (m)
D118: 0.8 | E118: 1 | F118: =$B$114*E118 -> 0.61359498 | G118: =F118 -> 0.61359498 | H118: =G118/1000 -> 0.00061359498 | O118: 1 | P118: 0.95 | Q118: 0.9 | R118: 0.85 | S118: 0.8 | T118: 0.7 | U118: 0.6 | V118: 0.5 | W118: 0.4 | X118: 0.2 | Y118: 0
B119: =360-B117 -> 347 | D119: 0.9 | E119: 1 | F119: =$B$114*E119 -> 0.61359498 | G119: =F119 -> 0.61359498 | H119: =G119/1000 -> 0.00061359498 | N119: 0.2 | O119: =(B74+B99)*$J$48 -> 0.079564517 | P119: =(C74+C99)*$J$48 -> 0.097913525 | Q119: =(D74+D99)*$J$48 -> 0.11606139 | R119: =(E74+E99)*$J$48 -> 0.13197429 | S119: =(F74+F99)*$J$48 -> 0.14442301 | T119: =(G74+G99)*$J$48 -> 0.16471643 | U119: =(H74+H99)*$J$48 -> 0.18060698 | V119: =(I74+I99)*$J$48 -> 0.19421788 | ... Y119: =(L74+L99)*$J$48 -> 0.22349583
...

Sheet VRM
B2: Jenis Kapal | E2: CHEMICAL TANKER
B3: Lpp | E3: =HARVARLD!F6 -> #REF! | G3: m
B4: Lwl | E4: =HARVARLD!F8 -> #REF! | G4: m
B5: Ldisplacement | E5: =HARVARLD!F14 -> #REF! | G5: m
B6: Lebar (B) | E6: =HARVARLD!F16 -> 23.7 | G6: m | I6: e% = | J6: 0.005
B7: Sarat Air (T) | E7: =HARVARLD!F23 -> 9.947 | G7: m
B8: Tinggi Geladak (H) | E8: =HARVARLD!F25 -> 13.34 | G8: m
B9: Kecepatan (Vs) | E9: =HARVARLD!F27 -> 16 | G9: knot
B10: Ddisplacement | E10: =HARVARLD!F29 -> #REF! | G10: ton
B11: Vdisplacement | E11: =HARVARLD!F28 -> #REF! | G11: mᶟ
B12: Koefisien midship/Cm (β) | E12: =HARVARLD!F30 -> 0.982
B13: Koefisien blok/Cb (δ) | E13: =HARVARLD!F31 -> 0.68
B14: Koefisien prismatik/Cp (ϕ) | E14: =HARVARLD!F32 -> 0.69
B15: LCB | E15: =J6*E5 -> #REF!
B16: LOA | E16: ='[2]Lines Plan'!$B$9 -> #REF!
B18: PERHITUNGAN VOLUME RUANG MUAT
B19: 1 | C19: Berat Bahan Bakar
C20: Wfo = | D20: BHPmc x bmc x S/Vs x 10-6 x C ( ton )
C21: Dimana :
C22: BHPmc = | D22: Bhp mesin induk ( katalog mesin ) kW
C23: = | D23: ='EN & GEAR (2)'!C6 -> 8400 | E23: kW
C24: bmc = | D24: spesifik konsumsi bahan bakar mesin induk ( g/kWh )
C25: = | D25: 183.4 | E25: g/kWh
C26: S = | D26: jarak pelayaran ( mil )
C27: = | D27: 2910 | E27: miles
C28: Vs = | D28: kecepatan dinas ( knot )
C29: = | D29: =E9 -> 16 | E29: knot
C30: C = | D30: koreksi cadangan ( 1,3 - 1,5 )
C31: = | D31: 1.4
C33: Wfo = | D33: =D23*D25*(D27/D29)*(10^-6)*D31 -> 392.26509 | E33: ton
C35: Menentukan volume bahan bakar mesin induk
C37: Vfo = | D37: Wfo/ρ ( m3 )
C38: Dimana :
C39: ρ = | D39: 0.95 | E39: ton/m3
C41: Vfo = | D41: =D33/D39 -> 412.91062 | E41: m3
C43: Volume bahan bakar mesin induk terdapat penambahan karena:
C44: > Double bottom ( 2% )
C45: Vfo x 2% = | D45: =D41*2% -> 8.2582124 | E45: m3
C47: > Ekspansi karena panas ( 2% )
C48: Vfo x 2% = | D48: =D41*2% -> 8.2582124 | E48: m3
U49: 170 | V49: 0.0049470588
C50: Total volume bahan bakar setelah penambahan | U50: =U49*V49 -> 0.841
C51: Vfo total = | D51: =D41+D45+D48 -> 429.42705 | E51: m3
B53: 2 | C53: Berat Bahan Bakar Mesin Bantu
C54: Wfb = | D54: ( 0,1 - 0,2 ) Wfo
C55: = | D55: =0.15*D33 -> 58.839763 | E55: ton
C57: Menentukan bahan bakar mesin bantu
C58: Vfb = | D58: Wfb / ρ diesel ( m3 )
C60: Dimana :
C61: ρ = | D61: 0.95 | E61: ton/m3
C63: Vfb = | D63: =D55/D39 -> 61.936593 | E63: m3
C65: Volume bahan bahan bakar mesin bantu ada penambahan sebesar 4% Vfb.
C66: Vfb x 4% = | D66: =D63*4% -> 2.4774637 | E66: m3
C68: Total volume bahan bakar mesin bantu setelah penambahan
C69: Vfb total = | D69: =D63+D66 -> 64.414057 | E69: m3
B71: 3 | C71: Berat Minyak Pelumas
C72: Wlo = | D72: BHPmc x blo x S/Vs x 10-6 x C ( ton )
C73: Dimana :
C74: blo = | D74: spesifik konsumsi minyak pelumas ( 1,2 - 1,6 ) ( kW/h )
C75: = | D75: 1.4
C77: Wlo = | D77: =D23*D75*(D27/D29)*(10^-6)*D31 -> 2.99439 | E77: ton
C79: Menentukan volume minyak pelumas
C81: Vlo = | D81: Wlo/ρ ( m3 )
C82: Dimana :
C83: ρ = | D83: 0.9 | E83: ton/m3
C85: Vlo = | D85: =D77/D83 -> 3.3271 | E85: m3
C87: Volume minyak pelumas ada penambahan sebesar 4% Vlo.
C88: Vlo x 4% = | D88: =D85*4% -> 0.133084 | E88: m3
C90: Total volume minyak pelumas setelah penambahan
C91: Vlo total = | D91: =(D85+D88) -> 3.460184 | E91: m3
B93: 4 | C93: Berat Air Tawar Wfw
C94: > Untuk diminum = | E94: ( 10 - 20 ) kg / orang hari
D95: = | E95: [ ( 10 - 20 ) x Jml ABK x S ] / ( 24 x Vs )
D96: = | E96: =(20*ABK!F41*D27)/(24*D29) -> 3031.25 | F96: kg
D97: = | E97: =E96/1000 -> 3.03125 | F97: ton
C98: > Untuk cuci = | E98: ( 80 - 200 ) kg / orang hari
D99: = | E99: [ ( 80 - 200 ) x Jml ABK x S ] / ( 24 x Vs )
D100: = | E100: =(140*ABK!F41*D27)/(24*D29) -> 21218.75 | F100: kg
D101: = | E101: =E100/1000 -> 21.21875 | F101: ton
C102: > Untuk Pendingin Mesin = | E102: ( 2 - 5 ) kg / BHP
D103: = | E103: =3.5*D23 -> 29400 | F103: kg
D104: = | E104: =E103/1000 -> 29.4 | F104: ton
C106: Berat Total Air Tawar = | E106: =(E96+E100+E103)/1000 -> 53.65 | F106: ton
C108: Menentukan volume air bersih
C110: Vfw = | D110: Wlo/ρ ( m3 )
C111: Dimana :
C112: ρ = | D112: 1 | E112: ton/m3
C114: Vfw = | D114: =E106/D112 -> 53.65 | E114: m3
B116: 5 | C116: Berat Bahan Makanan Wp
C117: Wp = | D117: 5 kg / orang hari
C118: = | D118: ( 5 x Jml ABK x S ) / ( 24 / Vs )
C119: = | D119: =(5*ABK!F41*D27)/(24*D29) -> 757.8125
C120: = | D120: =D119/1000 -> 0.7578125
B122: 6 | C122: Berat Crew Dan Barang Bawaan Wcp
C123: > Untuk crew = | E123: 75 kg / orang hari
D124: = | E124: ( 75 x Jml ABK x S ) / ( 24 x Vs )
D125: = | E125: =(75*ABK!F41*(10^-3)) -> 1.5 | F125: ton
C127: > Untuk barang = | E127: 25 kg / orang hari
D128: = | E128: ( 25 x Jml ABK x S ) / ( 24 x Vs )
D129: = | E129: =(25*ABK!F41*(10^-3)) -> 0.5 | F129: ton
...

Sheet SIMPSON
A4: profile | B4: HFO Tank
C5: No. Frame | D5: Faktor simpson | E5: A | F5: FS * A
C6: 34 | D6: 1 | E6: 21.5739 | F6: =D6 * E6 -> 21.5739
C7: 36 | D7: 4 | E7: 23.4357 | F7: =D7 * E7 -> 93.7428
C8: 38 | D8: 2 | E8: 24.9782 | F8: =D8 * E8 -> 49.9564
C9: 40 | D9: 4 | E9: 26.2258 | F9: =D9 * E9 -> 104.9032
C10: 42 | D10: 2 | E10: 27.2351 | F10: =D10 * E10 -> 54.4702
C11: 44 | D11: 4 | E11: 28.0577 | F11: =D11 * E11 -> 112.2308
C12: 46 | D12: 2 | E12: 28.7412 | F12: =D12 * E12 -> 57.4824
C13: 48 | D13: 4 | E13: 29.3298 | F13: =D13 * E13 -> 117.3192
E14: sum = | F14: =SUM(F6:F13) -> 611.6789
C15: First frame | D15: = | E15: 38
C16: end frame | D16: = | E16: 50 | G16: =(E15+E16)/2 -> 44
C17: Total fame | D17: = | E17: =E16-E15 -> 12
D18: = | E18: 7
C19: jarak antar frame | D19: = | E19: 2 | F19: m
C20: V | D20: = | E20: 1/3 * h * (Fs*A)
D21: = | E21: =1/3 * E19 * F14 -> 407.78593 | F21: m^3
A24: half-breadth | B24: HFO Tank
B25: High end | C25: = | D25: 13.34 | E25: m
B26: high first | C26: = | D26: 1.41 | E26: m
B27: delta high | C27: = | D27: =D25-D26 -> 11.93 | E27: m
B28: dH / 4 | C28: = | D28: =D27/4 -> 2.9825 | E28: m
B29: Prediksi panjang | C29: = | D29: V/(t*l) | E29: m
C30: = | D30: =VRM!D51/(D27*(HARVARLD!F16-1.5352*2)) -> 1.7448502 | E30: m
C31: WL | D31: Faktor simpson | E31: A | F31: FS * A
B32: =$D$28 -> 2.9825 | C32: =D26 -> 1.41 | D32: 1 | E32: 19.0875 | F32: =D32 * E32 -> 19.0875
B33: =$D$28 -> 2.9825 | C33: =C32+B33 -> 4.3925 | D33: 4 | E33: 17.8113 | F33: =D33 * E33 -> 71.2452
B34: =$D$28 -> 2.9825 | C34: =C33+B34 -> 7.375 | D34: 2 | E34: 18.1855 | F34: =D34 * E34 -> 36.371
B35: =$D$28 -> 2.9825 | C35: =C34+B35 -> 10.3575 | D35: 4 | E35: 19.6488 | F35: =D35 * E35 -> 78.5952
B36: =$D$28 -> 2.9825 | C36: =C35+B36 -> 13.34 | D36: 1 | E36: 22.4154 | F36: =D36 * E36 -> 22.4154
B37: =$D$28 -> 2.9825 | C37: =C36+B37 -> 16.3225 | F37: =D37 * E37 -> 0
B38: =$D$28 -> 2.9825 | C38: =C37+B38 -> 19.305 | F38: =D38 * E38 -> 0
E39: sum = | F39: =SUM(F32:F38) -> 227.7143
C40: First frame | D40: = | E40: 38
C41: end frame | D41: = | E41: 40
C42: Total fame | D42: = | E42: =E41-E40 -> 2
D43: = | E43: 7
C44: jarak antar frame | D44: = | E44: =D28 -> 2.9825 | F44: m
C45: V (P) | D45: = | E45: 1/3 * h * (Fs*A)
D46: = | E46: =1/3 * E44 * F39 -> 226.38597 | F46: m^3
C47: V (P&S) | D47: = | E47: =E46*2 -> 452.77193 | F47: m^3
A49: half-breadth | B49: Ballast 1 (P)
B50: High end | C50: = | D50: 1.41 | E50: m
B51: high first | C51: = | D51: 0 | E51: m
B52: delta high | C52: = | D52: =D50-D51 -> 1.41 | E52: m
B53: dH / 2 | C53: = | D53: =D52/2 -> 0.705 | E53: m
B54: Prediksi panjang | C54: = | D54: V/(H*B) | E54: m
C55: = | E55: m
C56: WL | D56: Faktor simpson | E56: A | F56: FS * A
B57: =$D$53 -> 0.705 | C57: =D51 -> 0 | D57: 1 | E57: 66.5255 | F57: =D57 * E57 -> 66.5255
B58: =$D$53 -> 0.705 | C58: =C57+B58 -> 0.705 | D58: 4 | E58: 88.8844 | F58: =D58 * E58 -> 355.5376
B59: =$D$53 -> 0.705 | C59: =C58+B59 -> 1.41 | D59: 1 | E59: 96.4518 | F59: =D59 * E59 -> 96.4518
B60: =$D$53 -> 0.705 | C60: =C59+B60 -> 2.115 | E60: 28.0577 | F60: =D60 * E60 -> 0
B61: =$D$53 -> 0.705 | C61: =C60+B61 -> 2.82 | E61: 28.7412 | F61: =D61 * E61 -> 0
B62: =$D$53 -> 0.705 | C62: =C61+B62 -> 3.525 | E62: 29.3298 | F62: =D62 * E62 -> 0
B63: =$D$53 -> 0.705 | C63: =C62+B63 -> 4.23 | F63: =D63 * E63 -> 0
E64: sum = | F64: =SUM(F57:F63) -> 518.5149
C65: First frame | D65: = | E65: 115
C66: end frame | D66: = | E66: 135
C67: Total fame | D67: = | E67: =E66-E65 -> 20
D68: = | E68: 7
C69: jarak antar WL | D69: = | E69: =D53 -> 0.705 | F69: m
C70: V (P) | D70: = | E70: 1/3 * h * (Fs*A)
D71: = | E71: =1/3 * E69 * F64 -> 121.851 | F71: m^3
C72: V (P&S) | D72: = | E72: =E71 * 2 -> 243.702 | F72: m^3
A74: half-breadth | B74: Ballast 2 (P)
B75: High end | C75: = | D75: 1.41 | E75: m
B76: high first | C76: = | D76: 0 | E76: m
B77: delta high | C77: = | D77: =D75-D76 -> 1.41 | E77: m
B78: dH / 2 | C78: = | D78: =D77/2 -> 0.705 | E78: m
B79: Prediksi panjang | C79: = | D79: V/(t*l) | E79: m
C80: = | E80: m
C81: WL | D81: Faktor simpson | E81: A | F81: FS * A
B82: =$D$53 -> 0.705 | C82: 0 | D82: 1 | E82: 166.3511 | F82: =D82 * E82 -> 166.3511
B83: =$D$53 -> 0.705 | C83: =C82+B83 -> 0.705 | D83: 4 | E83: 201.4615 | F83: =D83 * E83 -> 805.846
B84: =$D$53 -> 0.705 | C84: =C83+B84 -> 1.41 | D84: 1 | E84: 208.1535 | F84: =D84 * E84 -> 208.1535
B85: =$D$53 -> 0.705 | C85: =C84+B85 -> 2.115 | F85: =D85 * E85 -> 0
B86: =$D$53 -> 0.705 | C86: =C85+B86 -> 2.82 | F86: =D86 * E86 -> 0
B87: =$D$53 -> 0.705 | C87: =C86+B87 -> 3.525 | F87: =D87 * E87 -> 0
B88: =$D$53 -> 0.705 | C88: =C87+B88 -> 4.23 | F88: =D88 * E88 -> 0
E89: sum = | F89: =SUM(F82:F88) -> 1180.3506
C90: First frame | D90: = | E90: 95
C91: end frame | D91: = | E91: 115
C92: Total fame | D92: = | E92: =E91-E90 -> 20
D93: = | E93: 7
C94: jarak antar WL | D94: = | E94: =D78 -> 0.705 | F94: m
C95: V (P) | D95: = | E95: 1/3 * h * (Fs*A)
D96: = | E96: =1/3 * E94 * F89 -> 277.38239 | F96: m^3
C97: V (P&S) | D97: = | E97: =E96 * 2 -> 554.76478 | F97: m^3
A99: half-breadth | B99: Ballast 3 (P)
B100: High end | C100: = | D100: 1.41 | E100: m
B101: high first | C101: = | D101: 0 | E101: m
B102: delta high | C102: = | D102: =D100-D101 -> 1.41 | E102: m
B103: dH / 2 | C103: = | D103: =D102/2 -> 0.705 | E103: m
B104: Prediksi panjang | C104: = | D104: V/(t*l) | E104: m
C105: = | E105: m
C106: WL | D106: Faktor simpson | E106: A | F106: FS * A
B107: =$D$53 -> 0.705 | C107: 0 | D107: 1 | E107: 174.2 | F107: =D107 * E107 -> 174.2
B108: =$D$53 -> 0.705 | C108: =C107+B108 -> 0.705 | D108: 4 | E108: 213.81 | F108: =D108 * E108 -> 855.24
...

Sheet BALLAST
C1: PERHITUNGAN BALLAST | H1: Nama | I1: : Daffa Gabillah Maulana Gapur
H2: No. Doc | I2: : 0
H3: No. Rev | I3: : 01
H4: Halaman | I4: : 01
B6: Data Utama Kapal
B8: Jenis Kapal | E8: CHEMICAL TANKER
B9: Lpp | E9: =HARVARLD!F6 -> #REF! | G9: m
B10: Lwl | E10: =HARVARLD!F8 -> #REF! | G10: m
B11: Ldisplacement | E11: =HARVARLD!F14 -> #REF! | G11: m
B12: Lebar (B) | E12: =HARVARLD!F16 -> 23.7 | G12: m
B13: Sarat Air (T) | E13: =HARVARLD!F23 -> 9.947 | G13: m
B14: Tinggi Geladak (H) | E14: =HARVARLD!F25 -> 13.34 | G14: m
B15: Kecepatan (Vs) | E15: =HARVARLD!F27 -> 16 | G15: knot
B16: Vdisplacement | E16: =HARVARLD!F28 -> #REF! | G16: mᶟ
B17: Koefisien midship/Cm (β) | E17: =HARVARLD!F30 -> 0.982
B18: Koefisien blok/Cb (δ) | E18: =HARVARLD!F31 -> 0.68
B19: Koefisien prismatik/Cp (ϕ) | E19: =HARVARLD!F32 -> 0.69
B20: l1 | E20: 19.6
B21: l | E21: 28
B23: Perhitungan Kapasitas Ballast System
B24: a | C24: Volume Displacement | G24: RL 2007 Rules and Regulation, Part 3 Definition
C25: ∇ = | D25: L x B X T x Cb
C26: Dimana :
C27: L = | D27: =E10 -> #REF!
C28: =
C29: B = | D29: Lebar
C30: D = | D30: Sarat
C31: Cb = | D31: Koefisien blok
C33: ∇ = | D33: L x B X T x Cb
D34: =D27*E12*E13*E18 -> #REF! | E34: m3
B35: b | C35: Ship Displacement
C36: ∆ = | D36: ∇ x ρ | G36: ρ = | H36: =HARVARLD!N29 -> 1.026 | I36: ton/m3
C37: = | D37: =D34*H36 -> #REF! | E37: ton
C40: Berat air ballast
C41: Wb = | D41: (10% - 20% ) x ∆
C42: = | D42: =0.1*D37 -> #REF! | E42: ton
B44: c | C44: Volume ballast
C45: Vb = | D45: Wb / ρ
C46: = | D46: =D42/H36 -> #REF! | E46: m3
B48: d | C48: Kapasitas ballast
C49: waktu yang dibutuhkan untuk ballasting dan deballasting ( t )
C50: t = | D50: 6 | E50: jam
C52: Qb = | D52: Vb / t
D53: =D46/D50 -> #REF! | E53: m3/h
D54: =D53/2 -> #REF!
B55: e | C55: Diameter pipa utama
C56: Qb = | D56: A x v | G56: vb = | H56: 3 | I56: m/s
C57: = | D57: 1/4 x π x D² x vb
C58: D2 = | D58: Qb / (1/4 x π x vb )
C59: = | D59: =(D53/3600)/(0.25*3.14*H56) -> #REF!
C60: D = | D60: =D59^0.5 -> #REF! | E60: m
C61: = | D61: =D60*1000 -> #REF! | E61: mm
C62: Then for ballast pipe, it will be use JIS G 3454 CARBON STEEL PIPES FOR PRESSURE SERVICE
E63: Inside diameter (dm) = | F63: =D61 -> #REF! | G63: mm
E64: Thickness = | F64: 7.1 | G64: mm
E65: Outside diameter = | F65: 165.2 | G65: mm
E66: Nominal pipe size = | F66: 150A | G66: sch 40
E67: minimal thickness (L.R Regulation) = | F67: 4.5 | G67: mm
B78: Perhitungan head pompa ballast
B79: a | C79: Pada ruang mesin
C80: Hz = | D80: jarak dari ballast tank ke overboard
C81: = | D81: ( T + 1 ) | F81: T = | G81: =E13 -> 9.947 | H81: m
C82: = | D82: =G81+1 -> 10.947 | E82: m
C84: Hp = | D84: Different pressure in suction side and discharge side
C85: = | D85: ( Pdiscd - Psuct ) / ρg | F85: = | G85: ( Pdiscd - Psuct ) / ρg =0
D86: Because pressure in suction and discharge have same value
C87: Hv = | D87: Different flow velocity in suction side and discharge side
C88: = | D88: ( V2disch - V2suct ) / 2g = | G88: ( 32 - 32 ) / ( 2 x 9.81 ) =0
B90: b | C90: Perhitungan head losses pada pipa hisap
C91: Major losses = λ x L x v2 / (D x 2g)
C92: Dimana :
C93: λ = | D93: 0.02+0.0005/dm
C94: = | D94: =0.02+0.0005/F63 -> #REF!
C95: L = | D95: Length of suction side
C96: = | D96: 80 | E96: m | F96: RL 2007 Rules and Regulation, part 5, chapter 12.9.6.3
C97: v = | D97: 3 | E97: m/s | F97: Velocity of galvanized steel =3,0 m/s
C98: D = | D98: dm
C99: = | D99: =F63 -> #REF! | E99: mm
C101: Major losses = λ x L x v2 / (D x 2g)
C102: = | D102: =(D94*D96*D97^2)/((D99/1000)*(2*9.8)) -> #REF! | E102: m
C105: Minor loses = manufaktur pada jalur hisap
C107: No. | D107: Accesoris | G107: n | H107: k | I107: n x k
C108: 1 | D108: Elbow 90⁰ | G108: 2 | H108: 1 | I108: =G108*H108 -> 2
C109: 2 | D109: Butterfly valve | G109: 4 | H109: 0.3 | I109: =G109*H109 -> 1.2
C110: 3 | D110: Gate valve | G110: 16 | H110: 0.8 | I110: =G110*H110 -> 12.8
C111: 4 | D111: T Joint | G111: 20 | H111: 1 | I111: =G111*H111 -> 20
C112: 5 | D112: Strainer | G112: 2 | H112: 2.5 | I112: =G112*H112 -> 5
H113: Σ : | I113: =SUM(I108:I112) -> 41
C115: minor losses = (Σ n.k) x v² /2g
C116: = | D116: =I113*3^2 /(2*9.8) -> 18.826531 | E116: m
C118: Head Losses pada jalur hisap
C119: = | D119: Major Head Loss + Minor Head Loss
C120: = | D120: =D116+D102 -> #REF! | E120: m
B122: c | C122: Perhitungan head losses pada jalur buang
C123: Major losses = λ x L x v2 / (D x 2g)
C124: Dimana :
C125: λ = | D125: 0.02+0.0005/dm
C126: = | D126: =0.02+0.0005/F63 -> #REF!
C127: L = | D127: Length of suction side
C128: = | D128: 20 | E128: m | F128: RL 2007 Rules and Regulation, part 5, chapter 12.9.6.3
...

Sheet ABK
B2: Mencari Jumlah ABK
B3: Jumlah ABK yang direncanakan Harus kurang dari atau sama dengan hasil dari persamaan berikut
B5: Zc = Cst x [ Cdk (CN/1000)^0.16 + Ceng ( BHP/10 )^0.33 + Cadets ]
B7: dimana :
B8: Cst | C8: : Koefisien Steward Deck ( 1,2 - 1,33 ) | H8: 1.2
B9: Cdk | C9: : Koefisien Deck Departement ( 11,5 - 14,5 ) | H9: 11.5
B10: Ceng | C10: : Koefisien Engine Departement ( 8,5 - 11 ) | H10: 8.5
B11: BHP | C11: : Tenaga Mesin
B12: Cadets | C12: : Perwira Tambahan
B13: CN | C13: : ( L.B.H ) / 1000
B15: Zc = | C15: Cst x [ Cdk (CN/1000)^1/6 + Ceng ( BHP/10 )^1/3 + Cadets ]
C16: =H8*(H9*((HARVARLD!F6*HARVARLD!F16*HARVARLD!F25/1000)/1000)^(1/6)+H10*(HARVARLD!G250/1000)^(1/3)+1) -> #REF!
C17: 33
B19: Maka Jumlah Crew Sebagai Berikut :
B21: No | D21: Jabatan | F21: Jumlah
B22: Master
B23: 1 | D23: Captain | F23: 1 | G23: Person
B24: Deck Departement
B25: 2 | D25: Chief Officer | F25: 1 | G25: Person
B26: 3 | D26: Medic | F26: 1 | G26: Person
B27: 4 | D27: Quarter Master | F27: 1 | G27: Person | H27: ooo
B28: 5 | D28: Radio Operator | F28: 1 | G28: person
B29: 5 | D29: Boatswain | F29: 1 | G29: Person | H29: ooo
B30: Engine Departement
B31: 7 | D31: Chief Engineer | F31: 1 | G31: Person
B32: 8 | D32: Second Engineer | F32: 2 | G32: Person | H32: ooo
B33: 9 | D33: Electrician | F33: 2 | G33: Person | H33: ooo
B34: 10 | D34: Fireman | F34: 1 | G34: Person | H34: ooo
B35: 11 | D35: Oiler | F35: 2 | G35: Person | H35: ooo
B36: 12 | D36: Pumpman | F36: 3 | G36: Person | H36: ooo
B37: Catering Departement
B38: 13 | D38: Chief Cook | F38: 1 | G38: Person | H38: ooo
B39: 14 | D39: Assistant Cook | F39: 1 | G39: Person | H39: ooo
B40: 15 | D40: Boys | F40: 1 | G40: Person | H40: ooo
D41: Total | F41: =SUM(F23:F40) -> 20 | G41: Person

Sheet PIPA
B2: Data Utama Kapal
B4: Jenis Kapal | E4: CHEMICAL TANKER
B5: Lpp | E5: =HARVARLD!F6 -> #REF! | G5: m
B6: Lwl | E6: =HARVARLD!F8 -> #REF! | G6: m
B7: Ldisplacement | E7: =(E5+E6)*0.5 -> #REF! | G7: m
B8: Lebar (B) | E8: =HARVARLD!F16 -> 23.7 | G8: m
B9: Sarat Air (T) | E9: =HARVARLD!F23 -> 9.947 | G9: m
B10: Tinggi Geladak (H) | E10: =HARVARLD!F25 -> 13.34 | G10: m
B11: Kecepatan (Vs) | E11: =HARVARLD!F27 -> 16 | G11: knot
B12: Vdisplacement | E12: =HARVARLD!F28 -> #REF! | G12: mᶟ
B13: Koefisien midship/Cm (β) | E13: =HARVARLD!F30 -> 0.982
B14: Koefisien blok/Cb (δ) | E14: =HARVARLD!F31 -> 0.68
B15: Koefisien prismatik/Cp (ϕ) | E15: =HARVARLD!F32 -> 0.69
B16: l1 | E16: 19.6
B17: l | E17: 28
B19: Perhitungan Diameter Utama Pipa Bilga
B20: a | C20: Untuk Kapal Tankers
C23: Dh = | D23: =3*((E8+E10)*E16)^0.5+35 -> 115.83227
C24: Dimana:
C25: dH = | D25: Diameter dalam pipa utama bilga (mm)
C26: L = | D26: Lpp (mm)
C27: B = | D27: Lebar kapal dg kulit (lebar maksimum)
C28: H = | D28: Tinggi kapal (m)
C29: l1 = | D29: Total panjang ruangan antara cofferdam/sekat pump room dan sekat stern tube (m)
B31: b | C31: Perhitungan Diameter Cabang Pipa Bilga
C34: Dz = | D34: =2.15*((E8+E10)*E17)^0.5 -> 69.239347
C35: Dimana:
C36: Dz = | D36: Diameter dalam pipa cabang bilga (mm)
C37: l = | D37: Panjang dari kompartment yang memiliki sekat kedap (m)
B39: c | C39: Perhitungan Pompa Bilga
C41: Q kapasitas
C42: dan Head wajib dihitung
C43: Q = | D43: =5.75*(10^-3)*(D23^2) -> 77.148411
B45: 4 | C45: Calculation of main bilge line
C46: dm : | D46: 1.68 √L(B + D) + 25 | F46: mm | G46: RL 2007 Rules and Regulation, part 5, chapter 13.5
C48: Where :
C49: L : | D49: 97% Lwl | E49: , Lwl : | F49: =E6 -> #REF! | G49: m
C50: : | D50: =97%*F49 -> #REF! | E50: m
C51: B : | D51: =E8 -> 23.7 | E51: m
C52: D : | D52: =E9 -> 9.947 | E52: m
C54: So, dm : | D54: 1.68 √L(B + D) + 25
C55: : | D55: =1.68*(D50*0.5)*(D51+D52)+25 -> #REF!
C56: : | D56: =1.68*((D50*(D51+D52))^0.5)+25 -> #REF! | E56: mm
E58: Inside diameter (dm) = | F58: =F60-(F59*2) -> 126.6 | G58: mm
E59: thickness = | F59: 6.6 | G59: mm
E60: Outside diameter = | F60: 139.8 | G60: mm
E61: Nominal pipe size = | F61: 125A | G61: sch 40
E62: minimal thickness (L.R Regulation) = | F62: 4.5 | G62: mm
C64: Calculation of main bilge pipe
C65: db : | D65: 2.15 √C(B + D) + 25 | F65: mm | G65: RL 2007 Rules and Regulation, part 5, chapter 13.5
C67: Where :
C68: C : | D68: Length each Compartemen
C69: : | D69: 28 | E69: m
C70: B : | D70: =D51 -> 23.7 | E70: m
C71: D : | D71: =D52 -> 9.947 | E71: m
C73: So, db : | D73: 2.15 √C(B + D) + 25
C74: : | D74: =2.15*(D69*0.5)*(D70+D71)+25 -> 1037.7747
C75: : | D75: =2.15*((D69*(D70+D71))^0.5)+25 -> 90.991903 | E75: mm
C77: Then for bilge branch pipe, it will be use JIS G 3454 CARBON STEEL PIPES FOR PRESSURE SERVICE
E78: Inside diameter (db) = | F78: =F80-(F79*2) -> 78.1 | G78: mm
E79: Ketebalan = | F79: 5.5 | G79: mm
E80: Outside diameter = | F80: 89.1 | G80: mm
E81: Nominal pipe size = | F81: 80A | G81: sch 40
E82: minimal thickness (L.R Regulation) = | F82: 4.5 | G82: mm
B84: Calculation of head losses in suction line
B85: a | C85: Major losses = λ x L x v^2 / (D x 2g)
C87: Where :
C88: λ = | D88: 0.02+0.0005/dm
C89: = | D89: =0.02+0.0005/(D23/1000) -> 0.024316586
C90: L = | D90: Length of Suction Side
C91: = | D91: 103 | E91: m
C92: v = | D92: 2 | E92: m/s
C93: D = | D93: dH
C94: = | D94: =D23 -> 115.83227 | E94: mm
C96: Major losses = λ x L x v^2 / (D x 2g)
C97: = | D97: 0,024 x 103 x 2^2 / 106,5234(2x9,8)
C98: = | D98: =(D89*D91*2^2)/((D94/1000)*(2*9.8)) -> 4.4127994 | E98: m
B100: b | C100: Minor losses = head because accesoris in suction line
C102: No. | D102: Accesoris | G102: n | H102: k | I102: n x k
C103: 1 | D103: SDNRV | G103: 10 | H103: 2 | I103: =G103*H103 -> 20
C104: 2 | D104: T Joint | G104: 6 | H104: 0.8 | I104: =G104*H104 -> 4.8
C105: 3 | D105: Strainer | G105: 10 | H105: 0.5 | I105: =G105*H105 -> 5
H106: Σ | I106: =SUM(I103:I105) -> 29.8
C108: Minor losses = (Σ n.k) x v² /2g
C109: = | D109: 33 x 2² /(2x9.8)
C110: = | D110: =I106*2^2 /(2*9.8) -> 6.0816327 | E110: m
B112: c | C112: Head Loss in Suction Line
C113: = | D113: Major Head Loss + Minor Head Loss
C114: = | D114: =D98+D110 -> 10.494432 | E114: m
B117: Calculation of head losses in discharge line
B118: a | C118: Major losses = λ x L x v^2 / (D x 2g)
C120: Where :
C121: λ = | D121: 0.02+0.0005/dH
C122: = | D122: =0.02+0.0005/(D94/1000) -> 0.024316586
C123: L = | D123: Length of Discharge Side
C124: = | D124: 17 | E124: m
C125: v = | D125: 2 | E125: m/s
C126: D = | D126: dH
C127: = | D127: =D94 -> 115.83227 | E127: mm
C129: Major losses = λ x L x v^2 / (D x 2g)
...

Sheet OILY BILGE
B2: Data Utama Kapal
B4: Jenis Kapal | E4: CHEMICAL TANKER
B5: Lpp | E5: =HARVARLD!F6 -> #REF! | G5: m
B6: Lwl | E6: =HARVARLD!F8 -> #REF! | G6: m
B7: Ldisplacement | E7: =HARVARLD!F14 -> #REF! | G7: m
B8: Lebar (B) | E8: =HARVARLD!F16 -> 23.7 | G8: m
B9: Sarat Air (T) | E9: =HARVARLD!F23 -> 9.947 | G9: m
B10: Tinggi Geladak (H) | E10: =HARVARLD!F25 -> 13.34 | G10: m
B11: Kecepatan (Vs) | E11: =HARVARLD!F27 -> 16 | G11: knot
B12: Vdisplacement | E12: =HARVARLD!F28 -> #REF! | G12: mᶟ
B13: Koefisien midship/Cm (β) | E13: =HARVARLD!F30 -> 0.982
B14: Koefisien blok/Cb (δ) | E14: =HARVARLD!F31 -> 0.68
B15: Koefisien prismatik/Cp (ϕ) | E15: =HARVARLD!F32 -> 0.69
B16: l1 | E16: 19.6
B17: l | E17: 28
B19: Perhitungan Kapasitas Oily Bilge System
B20: a | C20: Volume dari bilge well lebih dari 2.5 m3
C25: Dimana :
C26: Panjang = | E26: 1.7 | F26: m
C27: Lebar = | E27: 1.47 | F27: m
C28: Tinggi = | E28: 1 | F28: m
C29: Volume = | E29: =E26*E27*E28 -> 2.499 | F29: m3
B31: b | C31: waktu yang dibutuhkan selama pengeringan bilge well selama 75 menit
C32: oily bilge well kapasitas V/t | G32: v = total volume bilge well
C33: Q = | D33: Volume bilge well/t | G33: t = waktu pengeringan
C34: Q = | D34: 2.5/(75/60)
C35: Q = | D35: =E29/1.5 -> 1.666 | E35: m3/hr
C37: diameter pipa oil bilge system
C38: A = | D38: Q/velocity
C39: A = | D39: =(D35/3600)/2 -> 0.00023138889 | E39: m3
C41: perhitungan diameter pipa :
C42: A = | D42: 0.25 x π x dz^2
C43: dz = | D43: =SQRT(D39/((1/4)*(22/7))) -> 0.017160855 | E43: m
D44: =D43*1000 -> 17.160855 | E44: mm
C46: Untuk pipa pada oil bilge, yang akan digunakan yaitu ASME Section III - ASME QSC 467
C47: Inside diameter (dm) = | F47: 18.88 | G47: mm
C48: thickness = | F48: 3.91 | G48: mm
C49: Outside diameter = | F49: 26.7 | G49: mm
C50: Nominal pipe size = | F50: 20XS | G50: sch 80
B52: Calculation of oily waste collecting tank volume
B53: IMO "Guidelines for systems for Handling Oily Wastes In Machinery Spaces Of Ship".
B54: Untuk perhitungan volume oily waste collecting tank nilai volume harus disesuaikan dengan jenis kapal.
B55: a | C55: Perhitungan sludge tank
C56: Menurut BKI rules for machinery sec 11, capacity of sludge tank
C57: Perhitungan dengan rumus :
C58: V = | D58: K1 x C x D
C59: Dimana :
C60: K1 = | D60: 0.015, ship with HFO and using purifier
D61: 0.005, for ship with MDO or HFO fuel without purifier
C62: C = | D62: fuel oil consumption per day (m3)
C63: D = | D63: time interval port to port
C64: P = | D64: Power Main Engine
C65: = | D65: 2970 | E65: kW
C67: SFOC = | D67: Specific Fuel Oil Consumption
C68: = | D68: 191.8 | E68: gr/kWh
C69: y FO = | D69: =D68/1000 -> 0.1918 | E69: ton/m3
C71: Perhitungan jumlah konsumsi HFO harian :
C72: CFO = | D72: P x SFOC x T
C73: = | D73: =D65*D68*24*1.4*10^-6 -> 19.140106 | E73: ton
C74: = | D74: =D73/D69 -> 99.792 | E74: m3
C76: SLOC = | D76: Specific Lubricating Oil Consumption
C77: = | D77: 0.6 | E77: gr/kWh
C78: y LO = | D78: =D77/1000 -> 0.0006 | E78: ton/m3
C80: Perhitungan jumlah konsumsi MDO harian :
C81: CDO = | D81: (0.1 - 0.2)*CFO
C82: = | D82: =0.15*D74 -> 14.9688 | E82: m3
C83: C total = | D83: =D74+D82 -> 114.7608
C85: Dapat diketahui volume sludge tank adalah :
C86: V1 = | D86: K1 x C x D
D87: =0.015*D83*E9 -> 17.122885 | E87: m3
C89: dimensi sludge tank :
C90: Panjang = | E90: 2.35 | F90: m
C91: Lebar = | E91: 2.35 | F91: m
C92: Tinggi = | E92: 2.34 | F92: m
C93: Volume = | E93: =E90*E91*E92 -> 12.92265 | F93: m3
C95: The capacity of the oily bilge water tank shall be determined as follows:
C102: P = | D102: 2970 | E102: kW
C103: V oily bilge water tank = | F103: =D102/250 -> 11.88 | G103: m^3
B105: Perhitungan Head Loss
C106: calculation instalation in engine room
C107: head static of pump (hz) = | F107: distance between sludge tank to int. shore connection is
E108: = | F108: 33.97 | G108: m
C109: head pressure (hp) = the difference of pressure on discharge and suction side (Pdis - Psuc)
C110: = | D110: 0 | E110: m | F110: Because pressure in suction and discharge have same value
C111: head velocity (hv) = difference of velocity on suction and discharge side.
C112: hv = (v2dis - v2suc)/2g = | F112: 0 | G112: m
C113: calculation of head losses on suction pipe
C114: head caused by friction on suction pipe
C115: Head-loss = H Discharge + H Suction
C116: where :
C117: Mayor Loses= | E117: Re= (D x V) /u | G117: (Pompa dan Kompresor Ir.Sularso,MSME hal 28)
C119: where :
C120: D are inside diameter of pipe = | F120: =F47/1000 -> 0.01888 | G120: m
E121: V= | F121: 3 | G121: m/s
E122: u = | F122: 180 | G122: cst at 20° (HFO type MRG)
E123: = | F123: =F122/1000000 -> 0.00018 | G123: m^2/s
E124: Rn = | F124: v.D/U
E125: Rn = | F125: =F121*F120/F123 -> 314.66667 | G125: (laminer)
C126: for to find a friction losses use formula 64/Rn
E127: λ = | F127: =64/F125 -> 0.20338983
...

Sheet HAHAHU
A1: A. Perhitungan Panas Total (Qt)
A3: BEBAN PANS TRANSMISI (Qtr)
A4: Room | B4: Dimension | E4: Volume (m^3) | F4: Ouside Coondition | H4: Insiede Condition | J4: ΔT (°C) | K4: Wall | P4: Qtr
B5: Panjang | C5: Lebar | D5: Tinggi | F5: Temp | G5: RH | H5: Temp | I5: RH | K5: Koeff Heat | L5: F-A Wall | M5: Side Wall | N5: Roof | O5: Area
B6: m | C6: m | D6: m | F6: (°C) | G6: (%) | H6: (°C) | I6: (%) | K6: (W/m^2 °C ) | L6: (m^2) | M6: (m^2) | N6: (m^2) | O6: (m^2) | P6: (watt)
A7: Mess Room | B7: 4.2 | C7: 5.4439 | D7: 2.5 | E7: =B7*C7*D7 -> 57.16095 | F7: 33 | G7: 60 | H7: 27 | I7: 50 | J7: =F7-H7 -> 6 | K7: 6.46 | L7: =(C7*D7) -> 13.60975 | M7: =2*(B7*D7) -> 21 | N7: =B7*C7 -> 22.86438 | O7: =L7+M7+N7 -> 57.47413 | P7: =K7*O7 -> 371.28288
A8: Galley | B8: 4.2 | C8: 5.6255 | D8: 2.5 | E8: =B8*C8*D8 -> 59.06775 | F8: 33 | G8: 60 | H8: 27 | I8: 50 | J8: =F8-H8 -> 6 | K8: 6.46 | L8: 0 | M8: =2*(B8*D8) -> 21 | N8: 0 | O8: =L8+M8+N8 -> 21 | P8: =K8*O8 -> 135.66
A9: Musholla | B9: 4.2 | C9: 5.7702 | D9: 2.5 | E9: =B9*C9*D9 -> 60.5871 | F9: 33 | G9: 60 | H9: 27 | I9: 50 | J9: =F9-H9 -> 6 | K9: 6.46 | L9: =2*(C9*D9) -> 28.851 | M9: =2*(B9*D9) -> 21 | N9: 0 | O9: =L9+M9+N9 -> 49.851 | P9: =K9*O9 -> 322.03746
A10: Library | B10: 4.2 | C10: 5.7702 | D10: 2.5 | E10: =B10*C10*D10 -> 60.5871 | F10: 33 | G10: 60 | H10: 27 | I10: 50 | J10: =F10-H10 -> 6 | K10: 6.46 | L10: 0 | M10: =2*(B10*D10) -> 21 | N10: 0 | O10: =L10+M10+N10 -> 21 | P10: =K10*O10 -> 135.66
A11: Tally Office | B11: 3.5 | C11: 5.8723 | D11: 2.5 | E11: =B11*C11*D11 -> 51.382625 | F11: 33 | G11: 60 | H11: 27 | I11: 50 | J11: =F11-H11 -> 6 | K11: 6.46 | L11: =(C11*D11) -> 14.68075 | M11: =2*(B11*D11) -> 17.5 | N11: 0 | O11: =L11+M11+N11 -> 32.18075 | P11: =K11*O11 -> 207.88765
A12: Chief Cook | B12: 4.9 | C12: 2.8101 | D12: 2.5 | E12: =B12*C12*D12 -> 34.423725 | F12: 33 | G12: 60 | H12: 27 | I12: 50 | J12: =F12-H12 -> 6 | K12: 6.46 | L12: 0 | M12: =2*(B12*D12) -> 24.5 | N12: 0 | O12: =L12+M12+N12 -> 24.5 | P12: =K12*O12 -> 158.27
A13: Boatswain | B13: 4.2 | C13: 2.8831 | D13: 2.5 | E13: =B13*C13*D13 -> 30.27255 | F13: 33 | G13: 60 | H13: 27 | I13: 50 | J13: =F13-H13 -> 6 | K13: 6.46 | L13: =(C13*D13) -> 7.20775 | M13: =2*(B13*D13) -> 21 | N13: 0 | O13: =L13+M13+N13 -> 28.20775 | P13: =K13*O13 -> 182.22207
A14: Oiler | B14: 2.8 | C14: 2.5 | D14: 2.5 | E14: =B14*C14*D14 -> 17.5 | F14: 33 | G14: 60 | H14: 27 | I14: 50 | J14: =F14-H14 -> 6 | K14: 6.46 | L14: =2*(C14*D14) -> 12.5 | M14: 0 | N14: 0 | O14: =L14+M14+N14 -> 12.5 | P14: =K14*O14 -> 80.75
A15: Fireman | B15: 2.8 | C15: 2.5 | D15: 2.5 | E15: =B15*C15*D15 -> 17.5 | F15: 33 | G15: 60 | H15: 27 | I15: 50 | J15: =F15-H15 -> 6 | K15: 6.46 | L15: =2*(C15*D15) -> 12.5 | M15: =(B15*D15) -> 7 | N15: 0 | O15: =L15+M15+N15 -> 19.5 | P15: =K15*O15 -> 125.97
A16: Pumpman | B16: 2.8 | C16: 2.5 | D16: 2.5 | E16: =B16*C16*D16 -> 17.5 | F16: 33 | G16: 60 | H16: 27 | I16: 50 | J16: =F16-H16 -> 6 | K16: 6.46 | L16: =2*(C16*D16) -> 12.5 | M16: =(B16*D16) -> 7 | N16: 0 | O16: =L16+M16+N16 -> 19.5 | P16: =K16*O16 -> 125.97
A17: Asistant Cook | B17: 2.8 | C17: 2.5 | D17: 2.5 | E17: =B17*C17*D17 -> 17.5 | F17: 33 | G17: 60 | H17: 27 | I17: 50 | J17: =F17-H17 -> 6 | K17: 6.46 | L17: =2*(C17*D17) -> 12.5 | M17: 0 | N17: 0 | O17: =L17+M17+N17 -> 12.5 | P17: =K17*O17 -> 80.75
A18: Boys | B18: 2.8 | C18: 2.8831 | D18: 2.5 | E18: =B18*C18*D18 -> 20.1817 | F18: 33 | G18: 60 | H18: 27 | I18: 50 | J18: =F18-H18 -> 6 | K18: 6.46 | L18: =(C18*D18) -> 7.20775 | M18: =2*(B18*D18) -> 14 | N18: 0 | O18: =L18+M18+N18 -> 21.20775 | P18: =K18*O18 -> 137.00207
A19: Total | P19: =SUM(P7:P18) -> 2063.4621
A21: BEBAN PANAS AKIBAT PENGHUNI RUANGAN (Qperson = Qp)
A22: Room | B22: Qty | C22: Sensible | D22: Latent | E22: Total | F22: Q Penghuni
B23: (Person) | C23: (Watt) | D23: (Watt) | E23: (Watt) | F23: (Watt)
A24: Mess Room | B24: 10 | C24: 64 | D24: 97 | E24: 161 | F24: =B24*E24 -> 1610
A25: Galley | B25: 2 | C25: 59 | D25: 73 | E25: 132 | F25: =B25*E25 -> 264
A26: Musholla | B26: 7 | C26: 64 | D26: 97 | E26: 161 | F26: =B26*E26 -> 1127
A27: Library | B27: 4 | C27: 59 | D27: 73 | E27: 117 | F27: =B27*E27 -> 468
A28: Tally Office | B28: 1 | C28: 59 | D28: 73 | E28: 132 | F28: =B28*E28 -> 132
A29: Chief Cook | B29: 1 | C29: 57 | D29: 60 | E29: 117 | F29: =B29*E29 -> 117
A30: Boatswain | B30: 1 | C30: 57 | D30: 60 | E30: 117 | F30: =B30*E30 -> 117
A31: Oiler | B31: 1 | C31: 57 | D31: 60 | E31: 117 | F31: =B31*E31 -> 117
A32: Fireman | B32: 1 | C32: 57 | D32: 60 | E32: 117 | F32: =B32*E32 -> 117 | G32: Kecepatan Angin Rata - Rata real madrid
A33: Pumpman | B33: 1 | C33: 57 | D33: 60 | E33: 117 | F33: =B33*E33 -> 117
A34: Asistant Cook | B34: 1 | C34: 57 | D34: 60 | E34: 117 | F34: =B34*E34 -> 117 | G34: 1 kph = | H34: 0.2778 | I34: m/s
A35: Boys | B35: 1 | C35: 57 | D35: 60 | E35: 117 | F35: =B35*E35 -> 117 | G35: Kecepatan angin rata - rata = | J35: 16.2 | K35: kph
A36: Total | F36: =SUM(F24:F35) -> 4420 | I36: = | J36: =J35*H34 -> 4.50036 | K36: m/s
P37: 0.4 | Q37: 0.4
A38: BEBAN PANAS AKIBAT RAMBAT DARI JENDELA (Qwindow = Qw)
A39: Room | B39: Ouside Coondition | C39: Insiede Condition | D39: ΔT | E39: Jumlah Jendela | F39: U Factor Double Kaca | G39: Luas Jendela | H39: Qw
B41: (°C) | C41: (°C) | D41: (°C) | E41: (buah) | F41: (W/m.°K) | G41: (m^2) | H41: (watt)
A42: Mess Room | B42: 33 | C42: 27 | D42: =B42-C42 -> 6 | E42: 2 | F42: 3.6 | G42: 0.1256 | H42: =E42*F42*G42 -> 0.90432
A43: Galley | B43: 33 | C43: 27 | D43: =B43-C43 -> 6 | E43: 2 | F43: 3.6 | G43: 0.1256 | H43: =E43*F43*G43 -> 0.90432
A44: Musholla | B44: 33 | C44: 27 | D44: =B44-C44 -> 6 | E44: 2 | F44: 3.6 | G44: 0.1256 | H44: =E44*F44*G44 -> 0.90432
A45: Library | B45: 33 | C45: 27 | D45: =B45-C45 -> 6 | E45: 2 | F45: 3.6 | G45: 0.1256 | H45: =E45*F45*G45 -> 0.90432
A46: Tally Office | B46: 33 | C46: 27 | D46: =B46-C46 -> 6 | E46: 2 | F46: 3.6 | G46: 0.1256 | H46: =E46*F46*G46 -> 0.90432
A47: Chief Cook | B47: 33 | C47: 27 | D47: =B47-C47 -> 6 | E47: 2 | F47: 3.6 | G47: 0.1256 | H47: =E47*F47*G47 -> 0.90432
A48: Boatswain | B48: 33 | C48: 27 | D48: =B48-C48 -> 6 | E48: 2 | F48: 3.6 | G48: 0.1256 | H48: =E48*F48*G48 -> 0.90432
A49: Oiler | B49: 33 | C49: 27 | D49: =B49-C49 -> 6 | E49: 1 | F49: 3.6 | G49: 0.1256 | H49: =E49*F49*G49 -> 0.45216
A50: Fireman | B50: 33 | C50: 27 | D50: =B50-C50 -> 6 | E50: 1 | F50: 3.6 | G50: 0.1256 | H50: =E50*F50*G50 -> 0.45216
A51: Pumpman | B51: 33 | C51: 27 | D51: =B51-C51 -> 6 | E51: 1 | F51: 3.6 | G51: 0.1256 | H51: =E51*F51*G51 -> 0.45216
A52: Asistant Cook | B52: 33 | C52: 27 | D52: =B52-C52 -> 6 | E52: 1 | F52: 3.6 | G52: 0.1256 | H52: =E52*F52*G52 -> 0.45216
A53: Boys | B53: 33 | C53: 27 | D53: =B53-C53 -> 6 | E53: 1 | F53: 3.6 | G53: 0.1256 | H53: =E53*F53*G53 -> 0.45216
A54: Total | H54: =SUM(H42:H53) -> 8.59104
A56: BEBAN PANAS DARI PENGGUNAAN LAMPU PENERANGAN (Qlampu = Ql)
A57: Room | B57: Dimension | E57: Area | F57: Load | G57: Ql
B58: Panjang | C58: Lebar | D58: Tinggi | F58: Constant
B59: m | C59: m | D59: m | E59: (m^2) | F59: (W/m^2) | G59: (watt)
A60: Mess Room | B60: =B7 -> 4.2 | C60: =C7 -> 5.4439 | D60: 2.5 | E60: =B60*C60 -> 22.86438 | F60: 10 | G60: =E60*F60 -> 228.6438
A61: Galley | B61: =B8 -> 4.2 | C61: =C8 -> 5.6255 | D61: 2.5 | E61: =B61*C61 -> 23.6271 | F61: 10 | G61: =E61*F61 -> 236.271
A62: Musholla | B62: =B9 -> 4.2 | C62: =C9 -> 5.7702 | D62: 2.5 | E62: =B62*C62 -> 24.23484 | F62: 10 | G62: =E62*F62 -> 242.3484
A63: Library | B63: =B10 -> 4.2 | C63: =C10 -> 5.7702 | D63: 2.5 | E63: =B63*C63 -> 24.23484 | F63: 10 | G63: =E63*F63 -> 242.3484
A64: Tally Office | B64: =B11 -> 3.5 | C64: =C11 -> 5.8723 | D64: 2.5 | E64: =B64*C64 -> 20.55305 | F64: 10 | G64: =E64*F64 -> 205.5305
A65: Chief Cook | B65: =B12 -> 4.9 | C65: =C12 -> 2.8101 | D65: 2.5 | E65: =B65*C65 -> 13.76949 | F65: 8 | G65: =E65*F65 -> 110.15592
A66: Boatswain | B66: =B13 -> 4.2 | C66: =C13 -> 2.8831 | D66: 2.5 | E66: =B66*C66 -> 12.10902 | F66: 8 | G66: =E66*F66 -> 96.87216
A67: Oiler | B67: =B14 -> 2.8 | C67: =C14 -> 2.5 | D67: 2.5 | E67: =B67*C67 -> 7 | F67: 8 | G67: =E67*F67 -> 56
A68: Fireman | B68: =B15 -> 2.8 | C68: =C15 -> 2.5 | D68: 2.5 | E68: =B68*C68 -> 7 | F68: 8 | G68: =E68*F68 -> 56
A69: Pumpman | B69: =B16 -> 2.8 | C69: =C16 -> 2.5 | D69: 2.5 | E69: =B69*C69 -> 7 | F69: 8 | G69: =E69*F69 -> 56
A70: Asistant Cook | B70: =B17 -> 2.8 | C70: =C17 -> 2.5 | D70: 2.5 | E70: =B70*C70 -> 7 | F70: 8 | G70: =E70*F70 -> 56
A71: Boys | B71: =B18 -> 2.8 | C71: =C18 -> 2.8831 | D71: 2.5 | E71: =B71*C71 -> 8.07268 | F71: 8 | G71: =E71*F71 -> 64.58144
A72: Total | G72: =SUM(G60:G71) -> 1650.7516
A74: BEBAN PANAS PERALATAN (Qmachine = Qm)
A75: Room | B75: Beban Panas yang Dihasilkan
B76: (watt)
A77: Mess Room | B77: 300
A78: Galley | B78: 400
A79: Musholla | B79: 100
A80: Library | B80: 300
A81: Tally Office | B81: 300
A82: Chief Cook | B82: 100
A83: Boatswain | B83: 100
A84: Oiler | B84: 100
A85: Fireman | B85: 100
A86: Pumpman | B86: 100
A87: Asistant Cook | B87: 100
A88: Boys | B88: 100
A89: Total | B89: =SUM(B77:D88) -> 2100
A91: Room | B91: Beban Panas Total
B92: Beban Panas
B93: Qtr | C93: Qp | D93: Qw | E93: Ql | F93: Qm
B94: (watt) | C94: (watt) | D94: (watt) | E94: (watt) | F94: (watt)
A95: Mess Room | B95: =P7 -> 371.28288 | C95: =F24 -> 1610 | D95: =H42 -> 0.90432 | E95: =G60 -> 228.6438 | F95: =B77 -> 300
A96: Galley | B96: =P8 -> 135.66 | C96: =F25 -> 264 | D96: =H43 -> 0.90432 | E96: =G61 -> 236.271 | F96: =B78 -> 400
A97: Musholla | B97: =P9 -> 322.03746 | C97: =F26 -> 1127 | D97: =H44 -> 0.90432 | E97: =G62 -> 242.3484 | F97: =B79 -> 100
A98: Library | B98: =P10 -> 135.66 | C98: =F27 -> 468 | D98: =H45 -> 0.90432 | E98: =G63 -> 242.3484 | F98: =B80 -> 300
A99: Tally Office | B99: =P11 -> 207.88765 | C99: =F28 -> 132 | D99: =H46 -> 0.90432 | E99: =G64 -> 205.5305 | F99: =B81 -> 300
A100: Chief Cook | B100: =P12 -> 158.27 | C100: =F29 -> 117 | D100: =H47 -> 0.90432 | E100: =G65 -> 110.15592 | F100: =B82 -> 100
A101: Boatswain | B101: =P13 -> 182.22207 | C101: =F30 -> 117 | D101: =H48 -> 0.90432 | E101: =G66 -> 96.87216 | F101: =B83 -> 100
A102: Oiler | B102: =P14 -> 80.75 | C102: =F31 -> 117 | D102: =H49 -> 0.45216 | E102: =G67 -> 56 | F102: =B84 -> 100
A103: Fireman | B103: =P15 -> 125.97 | C103: =F32 -> 117 | D103: =H50 -> 0.45216 | E103: =G68 -> 56 | F103: =B85 -> 100
A104: Pumpman | B104: =P16 -> 125.97 | C104: =F33 -> 117 | D104: =H51 -> 0.45216 | E104: =G69 -> 56 | F104: =B86 -> 100
A105: Asistant Cook | B105: =P17 -> 80.75 | C105: =F34 -> 117 | D105: =H52 -> 0.45216 | E105: =G70 -> 56 | F105: =B87 -> 100
A106: Boys | B106: =P18 -> 137.00207 | C106: =F35 -> 117 | D106: =H53 -> 0.45216 | E106: =G71 -> 64.58144 | F106: =B88 -> 100
...

Sheet STORAGE
A1: Perancangan sistem ruang pendinginin cargo / Akomodasi
A2: Maulana Muslim Dianto/0319040065/D4 ME 7B
J3: Data Utama Kapal
J4: Jenis Kapal | M4: CHEMICAL TANKER
J5: Lpp | M5: =HARVARLD!F6 -> #REF! | O5: m
J6: Lwl | M6: =HARVARLD!F8 -> #REF! | O6: m
J7: Ldisplacement | M7: =HARVARLD!F14 -> #REF! | O7: m
J8: Lebar (B) | M8: =HARVARLD!F16 -> 23.7 | O8: m
J9: Sarat Air (T) | M9: =HARVARLD!F23 -> 9.947 | O9: m
J10: Tinggi Geladak (H) | M10: =HARVARLD!F25 -> 13.34 | O10: m
J11: Kecepatan (Vs) | M11: =HARVARLD!F27 -> 16 | O11: knot
J12: Awak Kapal (N) | M12: =ABK!F41 -> 20 | O12: orang
J13: D | M13: 9.5 | O13: days
J14: P | M14: 4.5 | O14: freighters
J15: F | M15: 2.8 | O15: mᶟ
A17: N | B17: =ABK!F41 -> 20 | C17: orang
A18: D | B18: 9.5 | C18: days
A19: P | B19: 4.5 | C19: for freighters
A20: F | B20: 2.8
A21: V | B21: =(B17*B19*B18*B20)/1000 -> 2.394
E22: 1m3= | F22: 35.3147 | G22: ft3
A23: Volume Ruang
A24: P | B24: =1.5 -> 1.5 | C24: m | I24: =B24*$F$22 -> 52.97205 | J24: ft
A25: L | B25: 2.5 | C25: m | I25: =B25*$F$22 -> 88.28675 | J25: ft
A26: High Celling (T) | B26: 2.5 | C26: m | I26: =B27*$F$22 -> 132.43013 | J26: ft
A27: Net Floor | B27: =B24*B25 -> 3.75 | I27: =B26*$F$22 -> 88.28675 | J27: ft
A28: gross volume | B28: =B27*B26 -> 9.375 | I28: =B28*$F$22 -> 331.07531 | J28: ft
B29: =B28*F22 -> 331.07531
L33: =B37*3 -> 0
B40: Density (pcf) | C40: Beban Produk (lb)
A41: Fish Store | B41: 35 | C41: =B41*B29 -> 11587.636
A42: Vegetable Store | B42: 30 | C42: =B29*B42 -> 9932.2594
A43: Meat Store | B43: 35 | C43: =B29*B43 -> 11587.636
A44: Total | C44: =SUM(C41:C43) -> 33107.531
A46: Item | B46: Meat and Fish | C46: Fruit and Vegetables | D46: Dairy Product
A47: Specific heat in Btu/lb F | B47: 0.45 | C47: 0.9 | D47: 0.7
B48: 35 | C48: 30 | D48: 22
B49: 15 | C49: 30 | D49: 25
B50: 48 | C50: 48 | D50: 48

Sheet Sheet2
A2: A. Perhitungan Panas Total (Qt)
A3: BEBAN PANS TRANSMISI (Qtr)
A4: Room | B4: Dimension | E4: Volume (m^3) | F4: Ouside Coondition | H4: Insiede Condition | J4: ΔT (°C) | K4: Wall | P4: Qtr
B5: Panjang | C5: Lebar | D5: Tinggi | F5: Temp | G5: RH | H5: Temp | I5: RH | K5: Koeff Heat | L5: F-A Wall | M5: Side Wall | N5: Roof | O5: Area
B6: m | C6: m | D6: m | F6: (°C) | G6: (%) | H6: (°C) | I6: (%) | K6: (W/m^2 °C ) | L6: (m^2) | M6: (m^2) | N6: (m^2) | O6: (m^2) | P6: (watt)
A7: Quarter Master+assistant cook+electrican man+fireman | B7: 4.039 | C7: 2.95 | D7: 2.4 | E7: =B7*C7*D7 -> 28.59612 | F7: 35 | G7: 70 | H7: 27 | I7: 50 | J7: =F7-H7 -> 8 | K7: 0.92 | L7: =2*(C7*D7) -> 14.16 | M7: =2*(B7*D7) -> 19.3872 | N7: =B7*C7 -> 11.91505 | O7: =L7+M7+N7 -> 45.46225 | P7: =K7*O7 -> 41.82527
A8: seaman+oiler | B8: 4.6 | C8: 3.836 | D8: 2.4 | E8: =B8*C8*D8 -> 42.34944 | F8: 35 | G8: 70 | H8: 27 | I8: 50 | J8: =F8-H8 -> 8 | K8: 0.92 | L8: =2*(C8*D8) -> 18.4128 | M8: =2*(B8*D8) -> 22.08 | N8: =B8*C8 -> 17.6456 | O8: =L8+M8+N8 -> 58.1384 | P8: =K8*O8 -> 53.487328
A9: oiler+seaman | B9: 2.999 | C9: 2.702 | D9: 2.4 | E9: =B9*C9*D9 -> 19.447915 | F9: 35 | G9: 70 | H9: 27 | I9: 50 | J9: =F9-H9 -> 8 | K9: 0.92 | L9: =2*(C9*D9) -> 12.9696 | M9: =2*(B9*D9) -> 14.3952 | N9: =B9*C9 -> 8.103298 | O9: =L9+M9+N9 -> 35.468098 | P9: =K9*O9 -> 32.63065
A10: boys+steward | B10: 3.596 | C10: 3.6 | D10: 2.4 | E10: =B10*C10*D10 -> 31.06944 | F10: 35 | G10: 70 | H10: 27 | I10: 50 | J10: =F10-H10 -> 8 | K10: 0.92 | L10: =2*(C10*D10) -> 17.28 | M10: =2*(B10*D10) -> 17.2608 | N10: =B10*C10 -> 12.9456 | O10: =L10+M10+N10 -> 47.4864 | P10: =K10*O10 -> 43.687488
A11: galley | B11: 3.194 | C11: 3.458 | D11: 2.4 | E11: =B11*C11*D11 -> 26.507645 | F11: 35 | G11: 70 | H11: 27 | I11: 50 | J11: =F11-H11 -> 8 | K11: 0.92 | L11: =2*(C11*D11) -> 16.5984 | M11: =2*(B11*D11) -> 15.3312 | N11: =B11*C11 -> 11.044852 | O11: =L11+M11+N11 -> 42.974452 | P11: =K11*O11 -> 39.536496
A12: office | B12: 2.999 | C12: 4.06 | D12: 2.4 | E12: =B12*C12*D12 -> 29.222256 | F12: 35 | G12: 70 | H12: 27 | I12: 50 | J12: =F12-H12 -> 8 | K12: 0.92 | L12: =2*(C12*D12) -> 19.488 | M12: =2*(B12*D12) -> 14.3952 | N12: =B12*C12 -> 12.17594 | O12: =L12+M12+N12 -> 46.05914 | P12: =K12*O12 -> 42.374409
A13: Total | P13: =SUM(P7:P12) -> 253.54164
J18: Kecepatan Angin Rata - Rata Jeddah
J19: 1 kph = | K19: 0.2778 | L19: m/s
J20: Kecepatan angin rata - rata = | M20: =(17.1+12.5+14.8)/3 -> 14.8 | N20: kph
L21: = | M21: =M20*K19 -> 4.11144 | N21: m/s
A40: BEBAN PANAS AKIBAT PENGHUNI RUANGAN (Qperson = Qp)
A41: Room | B41: Qty | C41: Sensible | D41: Latent | E41: Q Penghuni
B42: (Person) | C42: (Watt) | D42: (Watt) | E42: (Watt)
A43: Quarter Master+assistant cook+electrican man+fireman | B43: 4 | C43: 64 | D43: 97 | E43: =15*161 -> 2415
A44: seaman+oiler | B44: 2 | C44: 57 | D44: 60 | E44: =2*(C44+D44) -> 234
A45: oiler+seaman | B45: 2 | C45: 73 | D45: 149 | E45: =2*(C45+D45) -> 444
A46: boys+steward | B46: 2 | C46: 57 | D46: 60 | E46: =2*(C46+D46) -> 234
A47: galley | B47: 3 | C47: 57 | D47: 60 | E47: =2*(C47+D47) -> 234
A48: office | B48: 2 | C48: 57 | D48: 60 | E48: =1*(C48+D48) -> 117
A49: Total | E49: =SUM(E43:E48) -> 3678
A51: BEBAN PANAS AKIBAT RAMBAT DARI JENDELA (Qwindow = Qw)
A52: Room | B52: Ouside Coondition | D52: Insiede Condition | F52: ΔT (°C) | G52: Jumlah | H52: U Factor | I52: Luas | J52: Qw
B53: Temp | D53: Temp | G53: Jendela | H53: Double Kaca | I53: Jendela
B54: (°C) | D54: (°C) | G54: (buah) | H54: (W/m.°K) | I54: (m^2) | J54: (watt)
A55: Quarter Master+assistant cook+electrican man+fireman | B55: 35 | D55: 27 | F55: =B55-D55 -> 8 | G55: 4 | H55: 3.6 | I55: 0.2 | J55: =G55*H55*I55 -> 2.88
A56: seaman+oiler | B56: 35 | D56: 27 | F56: =B56-D56 -> 8 | G56: 2 | H56: 3.6 | I56: 0.2 | J56: =G56*H56*I56 -> 1.44
A57: oiler+seaman | B57: 35 | D57: 27 | F57: =B57-D57 -> 8 | G57: 2 | H57: 3.6 | I57: 0.2 | J57: =G57*H57*I57 -> 1.44
A58: boys+steward | B58: 35 | D58: 27 | F58: =B58-D58 -> 8 | G58: 2 | H58: 3.6 | I58: 0.2 | J58: =G58*H58*I58 -> 1.44
A59: galley | B59: 35 | D59: 27 | F59: =B59-D59 -> 8 | G59: 2 | H59: 3.6 | I59: 0.2 | J59: =G59*H59*I59 -> 1.44
A60: office | B60: 35 | D60: 27 | F60: =B60-D60 -> 8 | G60: 2 | H60: 3.6 | I60: 0.2 | J60: =G60*H60*I60 -> 1.44
A61: Total | J61: =SUM(J55:J60) -> 10.08
A63: BEBAN PANAS DARI PENGGUNAAN LAMPU PENERANGAN (Qlampu = Ql)
A64: Room | B64: Dimension | E64: Area | F64: Load | G64: Ql
B65: Panjang | C65: Lebar | D65: Tinggi | F65: Constant
B66: m | C66: m | D66: m | E66: (m^2) | F66: (W/m^2) | G66: (watt)
A67: Quarter Master+assistant cook+electrican man+fireman | B67: 4.039 | C67: 2.95 | D67: 2.4 | E67: =B67*C67 -> 11.91505 | F67: 10 | G67: =E67*F67 -> 119.1505
A68: seaman+oiler | B68: 4.6 | C68: 3.836 | D68: 2.4 | E68: =B68*C68 -> 17.6456 | F68: 8 | G68: =E68*F68 -> 141.1648
A69: oiler+seaman | B69: 2.999 | C69: 2.702 | D69: 2.4 | E69: =B69*C69 -> 8.103298 | F69: 8 | G69: =E69*F69 -> 64.826384
A70: boys+steward | B70: 3.596 | C70: 3.6 | D70: 2.4 | E70: =B70*C70 -> 12.9456 | F70: 8 | G70: =E70*F70 -> 103.5648
A71: galley | B71: 3.194 | C71: 3.458 | D71: 2.4 | E71: =B71*C71 -> 11.044852 | F71: 10 | G71: =E71*F71 -> 110.44852
A72: office | B72: 2.999 | C72: 4.06 | D72: 2.4 | E72: =B72*C72 -> 12.17594 | F72: 8 | G72: =E72*F72 -> 97.40752
A73: Total | G73: =SUM(G67:G72) -> 636.56252
A75: BEBAN PANAS PERALATAN (Qmachine = Qm)
A76: Room | B76: Beban Panas yang Dihasilkan
B77: (watt)
A78: Quarter Master+assistant cook+electrican man+fireman | B78: 400
A79: seaman+oiler | B79: 300
A80: oiler+seaman | B80: 300
A81: boys+steward | B81: 200
A82: galley | B82: 400
A83: office | B83: 200
A84: Total | B84: =SUM(B78:D83) -> 1800
A87: Beban Panas Total
A88: Room | B88: Beban Panas
B89: Qtr | C89: Qp | D89: Qw | E89: Ql | F89: Qm
B90: (watt) | C90: (watt) | D90: (watt) | E90: (watt) | F90: (watt)
A91: Quarter Master+assistant cook+electrican man+fireman | B91: =P7 -> 41.82527 | C91: =E43 -> 2415 | D91: =J55 -> 2.88 | E91: =G67 -> 119.1505 | F91: =B78 -> 400
A92: seaman+oiler | B92: =P8 -> 53.487328 | C92: =E44 -> 234 | D92: =J56 -> 1.44 | E92: =G68 -> 141.1648 | F92: =B79 -> 300
A93: oiler+seaman | B93: =P9 -> 32.63065 | C93: =E45 -> 444 | D93: =J57 -> 1.44 | E93: =G69 -> 64.826384 | F93: =B80 -> 300
A94: boys+steward | B94: =P10 -> 43.687488 | C94: =E46 -> 234 | D94: =J58 -> 1.44 | E94: =G70 -> 103.5648 | F94: =B81 -> 200
A95: galley | B95: =P11 -> 39.536496 | C95: =E47 -> 234 | D95: =J59 -> 1.44 | E95: =G71 -> 110.44852 | F95: =B82 -> 400
A96: office | B96: =P12 -> 42.374409 | C96: =E48 -> 117 | D96: =J60 -> 1.44 | E96: =G72 -> 97.40752 | F96: =B83 -> 200
A97: Q total | B97: =P13 -> 253.54164 | C97: =E49 -> 3678 | D97: =J61 -> 10.08 | E97: =G73 -> 636.56252 | F97: =B84 -> 1800
A98: Q total | B98: =SUM(B97:F97) -> 6378.1842
A100: B. Perhitungan Kapasitas Udara
A102: Room | B102: Beban Panas | G102: Q total | H102: Vs | I102: Vs | J102: Vs | K102: Ukuran | L102: Diameter
B103: Qtr | C103: Qp | D103: Qw | E103: Ql | F103: Qm | K103: Ducting | L103: Pembacaan | P103: 1.2 | Q103: kg/m^3
B104: (watt) | C104: (watt) | D104: (watt) | E104: (watt) | F104: (watt) | G104: (watt) | H104: (m^3/h) | I104: (m^3/s) | J104: l/s | K104: mm | L104: mm | O104: Cp = | P104: 1.025 | Q104: kJ/Kg.°C
A105: Quarter Master+assistant cook+electrican man+fireman | B105: =B91 -> 41.82527 | C105: =C91 -> 2415 | D105: =D91 -> 2.88 | E105: =E91 -> 119.1505 | F105: =F91 -> 400 | G105: =SUM(B105:F105) -> 2978.8558 | H105: =G105/($P$103*$P$104*$P$105) -> 302.72924 | I105: =H105/3600 -> 0.084091457 | J105: =I105*1000 -> 84.091457 | K105: 175 x 150 | L105: 180 | O105: ΔT = | P105: 8 | Q105: °C
A106: seaman+oiler | B106: =B92 -> 53.487328 | C106: =C92 -> 234 | D106: =D92 -> 1.44 | E106: =E92 -> 141.1648 | F106: =F92 -> 300 | G106: =SUM(B106:F106) -> 730.09213 | H106: =G106/($P$103*$P$104*$P$105) -> 74.196354 | I106: =H106/3600 -> 0.020610098 | J106: =I106*1000 -> 20.610098 | K106: 100 x 100 | L106: 100
A107: oiler+seaman | B107: =B93 -> 32.63065 | C107: =C93 -> 444 | D107: =D93 -> 1.44 | E107: =E93 -> 64.826384 | F107: =F93 -> 300 | G107: =SUM(B107:F107) -> 842.89703 | H107: =G107/($P$103*$P$104*$P$105) -> 85.660268 | I107: =H107/3600 -> 0.023794519 | J107: =I107*1000 -> 23.794519 | K107: 100 x 100 | L107: 80
A108: boys+steward | B108: =B94 -> 43.687488 | C108: =C94 -> 234 | D108: =D94 -> 1.44 | E108: =E94 -> 103.5648 | F108: =F94 -> 200 | G108: =SUM(B108:F108) -> 582.69229 | H108: =G108/($P$103*$P$104*$P$105) -> 59.216696 | I108: =H108/3600 -> 0.016449082 | J108: =I108*1000 -> 16.449082 | K108: 100 x 100 | L108: 100
A109: galley | B109: =B95 -> 39.536496 | C109: =C95 -> 234 | D109: =D95 -> 1.44 | E109: =E95 -> 110.44852 | F109: =F95 -> 400 | G109: =SUM(B109:F109) -> 785.42502 | H109: =G109/($P$103*$P$104*$P$105) -> 79.819615 | I109: =H109/3600 -> 0.022172115 | J109: =I109*1000 -> 22.172115 | K109: 100 x 100 | L109: 90
A110: office | B110: =B96 -> 42.374409 | C110: =C96 -> 117 | D110: =D96 -> 1.44 | E110: =E96 -> 97.40752 | F110: =F96 -> 200 | G110: =SUM(B110:F110) -> 458.22193 | H110: =G110/($P$103*$P$104*$P$105) -> 46.567269 | I110: =H110/3600 -> 0.012935353 | J110: =I110*1000 -> 12.935353 | K110: 100 x 100 | L110: 100
A111: Q total | G111: =SUM(G105:G110) -> 6378.1842 | H111: =G111/($P$103*$P$104*$P$105) -> 648.18945 | I111: =H111/3600 -> 0.18005262 | J111: =I111*1000 -> 180.05262 | K111: 300 x 175 | L111: 200
A113: C. Perhitungan Udara Resirkulasi
A115: Kebutuhan Udara Segar Tiap Ruangan
A116: Room | B116: Beban Panas
B117: (m^3/h)
A118: Quarter Master+assistant cook+electrican man+fireman | B118: =20*4 -> 80 | E118: =17.5*8 -> 140
A119: seaman+oiler | B119: 40 | E119: =(E118/B124)*100 -> 37.234043
A120: oiler+seaman | B120: 40
A121: boys+steward | B121: 40
A122: galley | B122: =17*8 -> 136
A123: office | B123: =20*2 -> 40
A124: Total | B124: =SUM(B118:B123) -> 376
A126: Vr = Vs - Vfa
A127: Vs = | B127: =H111 -> 648.18945 | C127: m^3/h
A128: = | B128: =I111 -> 0.18005262 | C128: m^3/s
A129: Vfa = | B129: =B124 -> 376 | C129: m^3/h
A130: = | B130: =B129/3600 -> 0.10444444 | C130: m^3/s
A131: Vr = | B131: =B128-B130 -> 0.07560818 | C131: m^3/s
A133: Volume Spesifik Udara Segar (Vfa)
A134: Suhu luar = | B134: 35°C
...

Sheet JEJANGKARAN
B1: JANGKAR
A2: Data Utama Kapal
A3: Jenis Kapal | D3: CHEMICAL TANKER
A4: Lpp | D4: =HARVARLD!F6 -> #REF! | F4: m
A5: Lwl | D5: =HARVARLD!F8 -> #REF! | F5: m
A6: Ldisplacement | D6: =HARVARLD!F14 -> #REF! | F6: m
A7: Lebar (B) | D7: =HARVARLD!F16 -> 23.7 | F7: m
A8: Sarat Air (T) | D8: =HARVARLD!F23 -> 9.947 | F8: m
A9: Tinggi Geladak (H) | D9: =HARVARLD!F25 -> 13.34 | F9: m
A10: Kecepatan (Vs) | D10: =HARVARLD!F27 -> 16 | F10: knot
A11: Vdisplacement | D11: =HARVARLD!F28 -> #REF! | F11: mᶟ
A12: Koefisien midship/Cm (β) | D12: =HARVARLD!F30 -> 0.982
A13: Koefisien blok/Cb (δ) | D13: =HARVARLD!F31 -> 0.68
A14: Koefisien prismatik/Cp (ϕ) | D14: =HARVARLD!F32 -> 0.69
A15: Cbwl | D15: =D5/(D7*D8) -> #REF!
A17: Penentuan jangkar berdasarkan peraturan BKI 1996 Vol. III
A18: Z = D^2/3 + 2.H.B + A/10
A19: Dimana :
A20: D = Displacement kapal
A21: B = Lebar kapal
A22: H = fb + ƩH
A23: fb = Lambung timbul (H-T)
A24: ƩH = jumlah bangunan atas x tinggi masing-masing bangunan atas tsb
A25: A = Luas penampang membujur dr bangunan atas di atas garis air pd center line
A27: Z = D^2/3 + 2.H.B + A/10
A29: Dimana :
A30: D= | B30: Lwl x B x T x Cbwl x ρ | E30: 1.026
A31: = | B31: =D5*D7*D8*D15*E30 -> #REF!
A33: H= | B33: fb + ƩH
A34: = | B34: (H-T) + (jumlah lt x tinggi) | F34: deck | G34: tinggi | H34: lebar
A35: = | B35: =(D9-D8)+((G35)+(4*G36)) -> 15.893 | F35: main | G35: 2.5 | H35: =D7 -> 23.7
F36: poop | G36: 2.5 | H36: 16.2486
F37: boat | G37: 2.5 | H37: 13.9963
A38: A= | B38: (LWL x T) + (luas bangunan atas) | F38: bridge | G38: 2.5 | H38: 13.9963
A39: = | B39: =(D5*D8)+((G35*H35)+(G36*H36)+(G37*H37)+(G39*H39)+(G38*H38)) -> #REF! | F39: navigation | G39: 2.5 | H39: 11.998
A42: Z= | B42: D^2/3 + 2.H.B + A/10
A43: = | B43: =B31^(2/3) + (2*B35*D7) + (B39/10) -> #REF!
A45: BKI - Part1 - Vol II - 2022 - Rules for Hull
A46: Berdasarkan pada tabel BKI jilid II tahun 2006 section 18, maka dengan nilai | H46: Z = | I46: =B43 -> #REF!
A47: diperoleh data jangkar sebagai berikut :
A49: 1. | B49: Jangkar
B50: jumlah jangkar | D50: 2 | E50: buah
B51: berat jangkar | D51: 5250 | E51: kg
A52: 2. | B52: Rantai jangkar
B53: panjang rantai jangkar | D53: 577.5 | E53: m | F53: =9/(3*0.2203) -> 13.617794
B54: diameter rantai jangkar
C55: d1 | D55: 73 | E55: mm
C56: d2 | D56: 64 | E56: mm
C57: d3 | D57: 56 | E57: mm
A58: 3. | B58: Tali tarik
B59: panjang | D59: 220 | E59: m
B60: beban putus | D60: 1024 | E60: kN
A61: 4. | B61: tali tambat (mooring ropes)
B62: jumlah tali tambat | D62: 5 | E62: buah
B63: panjang | D63: 190 | E63: m
B64: beban putus | D64: 384 | E64: kN
B66: WINDLASS
A68: windlass direncanakan diletakkan di forecastle deck untuk menaikkan dan menurunkan
A69: jangkar.
A70: 1. | B70: gaya tarik angkat jangkar (Tcl) | I70: kutrang Tcl satu jangkar
B71: Tcl = 2,35 x (Ga + (Pa x La)) | I71: Tcl = 1,175 x (Ga + (Pa x La)
B72: dimana :
B73: Ga = berat jangkar | D73: =D51 -> 5250 | E73: kg
B74: La = panjang rantai jangkar yang menggantung | F74: 5 | G74: m
B75: Pa = berat rantai jangkar permeter
B76: Pa = | C76: 0.023 * d^2 | F76: 0.023
B77: = | C77: =F76*(F77^2) -> 94.208 | E77: diameter = | F77: 64 | G77: mm
B79: sehingga :
B80: Tcl = 2,35 x (Ga + (Pa x La))
B81: =2.35*(D73+(C77*F74)) -> 13444.444 | C81: kg
B82: =B81/1000 -> 13.444444 | C82: ton
A84: 2. | B84: Torsi pada kabel lifter (Mcl)
B85: Mcl = (Tcl x Dcl)/(2 x efisiensi kabel lifter)
B86: dimana :
B87: Dcl = diameter efektif kabel lifter
B88: Dcl = 0,0136 x dc | E88: dc = | F88: =F77 -> 64
B89: =0.0136*F88 -> 0.8704
B90: efisiensi kabel lifter (0,9-0,92) diambil = | E90: 0.9
B91: sehingga :
B92: Mcl = (Tcl x Dcl)/(2 x efisiensi kabel lifter)
B93: =(B81*B89)/(2*E90) -> 6501.1356 | C93: kgm
A95: 3. | B95: Torsi pada poros motor (Mm)
B96: Mm = Mcl / (ia x efisiensi peralatan mesin jangkar)
B97: dimana :
B98: ia = perbandingan putaran poros motor windlass dengan putaran kabel lifter
B99: ia = nm / ncl
B100: untuk windlass yang digerakkan listrik, putaran motor penggerak (nm) = | H100: 1000 | I100: rpm
B101: ncl = putaran kabel lifter (marine auxiliary machinary and system, hal : 408)
B102: ncl = (60xVa)/0,04d | F102: Va = | G102: 0.2
B103: =(60*G102)/(0.04*F77) -> 4.6875 | C103: rpm
B104: jadi, ia = nm / ncl
B105: =H100/B103 -> 213.33333
B106: untuk efisiensi peralatan mesin jangkar (0,7-0,85) diambil | G106: 0.75
B107: sehingga :
B108: Mm = Mcl / (ia x efisiensi peralatan mesin jangkar)
B109: =B93/(B105*G106) -> 40.632097 | C109: rpm
A111: 4. | B111: daya efektif windlass
B112: Pe = (Mm x Nm)/716,2
B113: =(B109*H100)/716.2 -> 56.732892 | C113: HP
B115: CAPSTAN
...
